CATEGORY,SCRIPTS_FILE,CANONICAL_FILE,DIFF_LINES
WRAPPER,program_code/exchange_connectors/bybit_connector/scripts/_bybit_latest_wrapper.py,helper_scripts/maintenance_scripts/bybit_connector/_bybit_latest_wrapper.py,
WRAPPER,program_code/exchange_connectors/bybit_connector/scripts/bybit_ai_cost_governance_contract_check.py,program_code/ai_agents/bybit_thought_gate/bybit_ai_cost_governance_contract_check.py,
WRAPPER,program_code/exchange_connectors/bybit_connector/scripts/bybit_ai_cost_governance_final_audit.py,program_code/ai_agents/bybit_thought_gate/bybit_ai_cost_governance_final_audit.py,
WRAPPER,program_code/exchange_connectors/bybit_connector/scripts/bybit_ai_cost_log.py,program_code/ai_agents/bybit_thought_gate/bybit_ai_cost_log.py,
WRAPPER,program_code/exchange_connectors/bybit_connector/scripts/bybit_ai_cost_log_contract_check.py,program_code/ai_agents/bybit_thought_gate/bybit_ai_cost_log_contract_check.py,
WRAPPER,program_code/exchange_connectors/bybit_connector/scripts/bybit_ai_governance_audit.py,program_code/ai_agents/bybit_thought_gate/bybit_ai_governance_audit.py,
WRAPPER,program_code/exchange_connectors/bybit_connector/scripts/bybit_ai_governance_audit_contract_check.py,program_code/ai_agents/bybit_thought_gate/bybit_ai_governance_audit_contract_check.py,
WRAPPER,program_code/exchange_connectors/bybit_connector/scripts/bybit_ai_governed_decision.py,program_code/ai_agents/bybit_thought_gate/bybit_ai_governed_decision.py,
WRAPPER,program_code/exchange_connectors/bybit_connector/scripts/bybit_ai_governed_decision_contract_check.py,program_code/ai_agents/bybit_thought_gate/bybit_ai_governed_decision_contract_check.py,
WRAPPER,program_code/exchange_connectors/bybit_connector/scripts/bybit_ai_invocation_attempt_builder.py,program_code/ai_agents/bybit_thought_gate/bybit_ai_invocation_attempt_builder.py,
WRAPPER,program_code/exchange_connectors/bybit_connector/scripts/bybit_ai_invocation_attempt_contract_check.py,program_code/ai_agents/bybit_thought_gate/bybit_ai_invocation_attempt_contract_check.py,
WRAPPER,program_code/exchange_connectors/bybit_connector/scripts/bybit_ai_prompt_prep_builder.py,program_code/ai_agents/bybit_thought_gate/bybit_ai_prompt_prep_builder.py,
WRAPPER,program_code/exchange_connectors/bybit_connector/scripts/bybit_ai_prompt_prep_contract_check.py,program_code/ai_agents/bybit_thought_gate/bybit_ai_prompt_prep_contract_check.py,
WRAPPER,program_code/exchange_connectors/bybit_connector/scripts/bybit_ai_prompt_prep_tighten.py,program_code/ai_agents/bybit_thought_gate/bybit_ai_prompt_prep_tighten.py,
WRAPPER,program_code/exchange_connectors/bybit_connector/scripts/bybit_ai_request_envelope_builder.py,program_code/ai_agents/bybit_thought_gate/bybit_ai_request_envelope_builder.py,
WRAPPER,program_code/exchange_connectors/bybit_connector/scripts/bybit_ai_request_envelope_contract_check.py,program_code/ai_agents/bybit_thought_gate/bybit_ai_request_envelope_contract_check.py,
WRAPPER,program_code/exchange_connectors/bybit_connector/scripts/bybit_ai_response_check.py,program_code/ai_agents/bybit_thought_gate/bybit_ai_response_check.py,
WRAPPER,program_code/exchange_connectors/bybit_connector/scripts/bybit_ai_response_check_builder.py,program_code/ai_agents/bybit_thought_gate/bybit_ai_response_check_builder.py,
WRAPPER,program_code/exchange_connectors/bybit_connector/scripts/bybit_ai_response_check_contract_check.py,program_code/ai_agents/bybit_thought_gate/bybit_ai_response_check_contract_check.py,
WRAPPER,program_code/exchange_connectors/bybit_connector/scripts/bybit_ai_route_selector_builder.py,program_code/ai_agents/bybit_thought_gate/bybit_ai_route_selector_builder.py,
WRAPPER,program_code/exchange_connectors/bybit_connector/scripts/bybit_ai_route_selector_contract_check.py,program_code/ai_agents/bybit_thought_gate/bybit_ai_route_selector_contract_check.py,
WRAPPER,program_code/exchange_connectors/bybit_connector/scripts/bybit_build_decision_packet.py,program_code/exchange_connectors/bybit_connector/readonly_observer_pipeline/bybit_build_decision_packet.py,
WRAPPER,program_code/exchange_connectors/bybit_connector/scripts/bybit_build_observer_verdict.py,program_code/exchange_connectors/bybit_connector/readonly_observer_pipeline/bybit_build_observer_verdict.py,
WRAPPER,program_code/exchange_connectors/bybit_connector/scripts/bybit_build_system_snapshot.py,program_code/exchange_connectors/bybit_connector/readonly_observer_pipeline/bybit_build_system_snapshot.py,
WRAPPER,program_code/exchange_connectors/bybit_connector/scripts/bybit_build_ws_runtime_facts.py,program_code/exchange_connectors/bybit_connector/readonly_observer_pipeline/bybit_build_ws_runtime_facts.py,
DUPLICATE_MINOR_DIFF,program_code/exchange_connectors/bybit_connector/scripts/bybit_business_event_acceptance_contract_check.py,program_code/market_data_processor/bybit_business_events/bybit_business_event_acceptance_contract_check.py,106
DUPLICATE_MINOR_DIFF,program_code/exchange_connectors/bybit_connector/scripts/bybit_business_event_acceptance_suite.py,program_code/market_data_processor/bybit_business_events/bybit_business_event_acceptance_suite.py,281
DUPLICATE_MINOR_DIFF,program_code/exchange_connectors/bybit_connector/scripts/bybit_business_event_contract_check.py,program_code/market_data_processor/bybit_business_events/bybit_business_event_contract_check.py,138
DUPLICATE_MINOR_DIFF,program_code/exchange_connectors/bybit_connector/scripts/bybit_business_event_extract_from_ws_jsonl.py,program_code/market_data_processor/bybit_business_events/bybit_business_event_extract_from_ws_jsonl.py,136
DUPLICATE_MINOR_DIFF,program_code/exchange_connectors/bybit_connector/scripts/bybit_business_event_final_audit.py,program_code/market_data_processor/bybit_business_events/bybit_business_event_final_audit.py,215
DUPLICATE_MINOR_DIFF,program_code/exchange_connectors/bybit_connector/scripts/bybit_business_event_final_audit_contract_check.py,program_code/market_data_processor/bybit_business_events/bybit_business_event_final_audit_contract_check.py,106
DUPLICATE_MINOR_DIFF,program_code/exchange_connectors/bybit_connector/scripts/bybit_business_event_fixture_generator.py,program_code/market_data_processor/bybit_business_events/bybit_business_event_fixture_generator.py,127
DUPLICATE_MINOR_DIFF,program_code/exchange_connectors/bybit_connector/scripts/bybit_business_event_fixture_pack_builder.py,program_code/market_data_processor/bybit_business_events/bybit_business_event_fixture_pack_builder.py,206
DUPLICATE_MINOR_DIFF,program_code/exchange_connectors/bybit_connector/scripts/bybit_business_event_fixture_pack_contract_check.py,program_code/market_data_processor/bybit_business_events/bybit_business_event_fixture_pack_contract_check.py,143
DUPLICATE_MINOR_DIFF,program_code/exchange_connectors/bybit_connector/scripts/bybit_business_event_ingestion_from_ws.py,program_code/market_data_processor/bybit_business_events/bybit_business_event_ingestion_from_ws.py,147
DUPLICATE_MINOR_DIFF,program_code/exchange_connectors/bybit_connector/scripts/bybit_business_event_ingestion_smoke.py,program_code/market_data_processor/bybit_business_events/bybit_business_event_ingestion_smoke.py,148
DUPLICATE_MINOR_DIFF,program_code/exchange_connectors/bybit_connector/scripts/bybit_business_event_negative_fixture_pack_builder.py,program_code/market_data_processor/bybit_business_events/bybit_business_event_negative_fixture_pack_builder.py,129
DUPLICATE_MINOR_DIFF,program_code/exchange_connectors/bybit_connector/scripts/bybit_business_event_negative_fixture_pack_contract_check.py,program_code/market_data_processor/bybit_business_events/bybit_business_event_negative_fixture_pack_contract_check.py,129
DUPLICATE_MINOR_DIFF,program_code/exchange_connectors/bybit_connector/scripts/bybit_business_event_negative_replay_contract_check.py,program_code/market_data_processor/bybit_business_events/bybit_business_event_negative_replay_contract_check.py,129
DUPLICATE_MINOR_DIFF,program_code/exchange_connectors/bybit_connector/scripts/bybit_business_event_negative_replay_harness.py,program_code/market_data_processor/bybit_business_events/bybit_business_event_negative_replay_harness.py,176
DUPLICATE_MINOR_DIFF,program_code/exchange_connectors/bybit_connector/scripts/bybit_business_event_normalizer.py,program_code/market_data_processor/bybit_business_events/bybit_business_event_normalizer.py,268
DUPLICATE_MINOR_DIFF,program_code/exchange_connectors/bybit_connector/scripts/bybit_business_event_regression_contract_check.py,program_code/market_data_processor/bybit_business_events/bybit_business_event_regression_contract_check.py,104
DUPLICATE_MINOR_DIFF,program_code/exchange_connectors/bybit_connector/scripts/bybit_business_event_regression_summary.py,program_code/market_data_processor/bybit_business_events/bybit_business_event_regression_summary.py,157
DUPLICATE_MINOR_DIFF,program_code/exchange_connectors/bybit_connector/scripts/bybit_business_event_replay_contract_check.py,program_code/market_data_processor/bybit_business_events/bybit_business_event_replay_contract_check.py,156
DUPLICATE_MINOR_DIFF,program_code/exchange_connectors/bybit_connector/scripts/bybit_business_event_replay_harness.py,program_code/market_data_processor/bybit_business_events/bybit_business_event_replay_harness.py,251
DUPLICATE_MINOR_DIFF,program_code/exchange_connectors/bybit_connector/scripts/bybit_business_event_runtime_contract_check.py,program_code/market_data_processor/bybit_business_events/bybit_business_event_runtime_contract_check.py,112
DUPLICATE_MINOR_DIFF,program_code/exchange_connectors/bybit_connector/scripts/bybit_business_event_runtime_facts.py,program_code/market_data_processor/bybit_business_events/bybit_business_event_runtime_facts.py,126
DUPLICATE_MINOR_DIFF,program_code/exchange_connectors/bybit_connector/scripts/bybit_business_event_state_contract_check.py,program_code/market_data_processor/bybit_business_events/bybit_business_event_state_contract_check.py,142
DUPLICATE_MINOR_DIFF,program_code/exchange_connectors/bybit_connector/scripts/bybit_business_event_state_resolver.py,program_code/market_data_processor/bybit_business_events/bybit_business_event_state_resolver.py,196
DUPLICATE_MINOR_DIFF,program_code/exchange_connectors/bybit_connector/scripts/bybit_business_event_validation_handoff.py,program_code/market_data_processor/bybit_business_events/bybit_business_event_validation_handoff.py,157
DUPLICATE_MINOR_DIFF,program_code/exchange_connectors/bybit_connector/scripts/bybit_business_event_validation_handoff_contract_check.py,program_code/market_data_processor/bybit_business_events/bybit_business_event_validation_handoff_contract_check.py,107
WRAPPER,program_code/exchange_connectors/bybit_connector/scripts/bybit_compute_governor_contract_check.py,program_code/ai_agents/bybit_thought_gate/bybit_compute_governor_contract_check.py,
WRAPPER,program_code/exchange_connectors/bybit_connector/scripts/bybit_compute_governor_final_audit.py,program_code/ai_agents/bybit_thought_gate/bybit_compute_governor_final_audit.py,
WRAPPER,program_code/exchange_connectors/bybit_connector/scripts/bybit_compute_governor_gate.py,program_code/ai_agents/bybit_thought_gate/bybit_compute_governor_gate.py,
WRAPPER,program_code/exchange_connectors/bybit_connector/scripts/bybit_compute_governor_gate_contract_check.py,program_code/ai_agents/bybit_thought_gate/bybit_compute_governor_gate_contract_check.py,
WRAPPER,program_code/exchange_connectors/bybit_connector/scripts/bybit_compute_governor_policy.py,program_code/ai_agents/bybit_thought_gate/bybit_compute_governor_policy.py,
WRAPPER,program_code/exchange_connectors/bybit_connector/scripts/bybit_compute_governor_policy_contract_check.py,program_code/ai_agents/bybit_thought_gate/bybit_compute_governor_policy_contract_check.py,
WRAPPER,program_code/exchange_connectors/bybit_connector/scripts/bybit_compute_governor_runtime.py,program_code/ai_agents/bybit_thought_gate/bybit_compute_governor_runtime.py,
WRAPPER,program_code/exchange_connectors/bybit_connector/scripts/bybit_compute_governor_runtime_contract_check.py,program_code/ai_agents/bybit_thought_gate/bybit_compute_governor_runtime_contract_check.py,
WRAPPER,program_code/exchange_connectors/bybit_connector/scripts/bybit_decision_lease_adaptive_ttl.py,program_code/trade_executor/bybit_decision_lease/bybit_decision_lease_adaptive_ttl.py,
WRAPPER,program_code/exchange_connectors/bybit_connector/scripts/bybit_decision_lease_adaptive_ttl_contract_check.py,program_code/trade_executor/bybit_decision_lease/bybit_decision_lease_adaptive_ttl_contract_check.py,
WRAPPER,program_code/exchange_connectors/bybit_connector/scripts/bybit_decision_lease_approval_bridge.py,program_code/trade_executor/bybit_decision_lease/bybit_decision_lease_approval_bridge.py,
WRAPPER,program_code/exchange_connectors/bybit_connector/scripts/bybit_decision_lease_approval_bridge_contract_check.py,program_code/trade_executor/bybit_decision_lease/bybit_decision_lease_approval_bridge_contract_check.py,
WRAPPER,program_code/exchange_connectors/bybit_connector/scripts/bybit_decision_lease_approval_bridge_final_audit.py,program_code/trade_executor/bybit_decision_lease/bybit_decision_lease_approval_bridge_final_audit.py,
WRAPPER,program_code/exchange_connectors/bybit_connector/scripts/bybit_decision_lease_chapter_contract_check.py,program_code/trade_executor/bybit_decision_lease/bybit_decision_lease_chapter_contract_check.py,
WRAPPER,program_code/exchange_connectors/bybit_connector/scripts/bybit_decision_lease_chapter_final_audit.py,program_code/trade_executor/bybit_decision_lease/bybit_decision_lease_chapter_final_audit.py,
WRAPPER,program_code/exchange_connectors/bybit_connector/scripts/bybit_decision_lease_chapter_handoff.py,program_code/trade_executor/bybit_decision_lease/bybit_decision_lease_chapter_handoff.py,
WRAPPER,program_code/exchange_connectors/bybit_connector/scripts/bybit_decision_lease_chapter_summary.py,program_code/trade_executor/bybit_decision_lease/bybit_decision_lease_chapter_summary.py,
WRAPPER,program_code/exchange_connectors/bybit_connector/scripts/bybit_decision_lease_consume_contract_check.py,program_code/trade_executor/bybit_decision_lease/bybit_decision_lease_consume_contract_check.py,
WRAPPER,program_code/exchange_connectors/bybit_connector/scripts/bybit_decision_lease_consume_final_audit.py,program_code/trade_executor/bybit_decision_lease/bybit_decision_lease_consume_final_audit.py,
WRAPPER,program_code/exchange_connectors/bybit_connector/scripts/bybit_decision_lease_consume_gate.py,program_code/trade_executor/bybit_decision_lease/bybit_decision_lease_consume_gate.py,
WRAPPER,program_code/exchange_connectors/bybit_connector/scripts/bybit_decision_lease_consume_gate_contract_check.py,program_code/trade_executor/bybit_decision_lease/bybit_decision_lease_consume_gate_contract_check.py,
WRAPPER,program_code/exchange_connectors/bybit_connector/scripts/bybit_decision_lease_consume_policy.py,program_code/trade_executor/bybit_decision_lease/bybit_decision_lease_consume_policy.py,
WRAPPER,program_code/exchange_connectors/bybit_connector/scripts/bybit_decision_lease_consume_policy_contract_check.py,program_code/trade_executor/bybit_decision_lease/bybit_decision_lease_consume_policy_contract_check.py,
WRAPPER,program_code/exchange_connectors/bybit_connector/scripts/bybit_decision_lease_contract_check.py,program_code/trade_executor/bybit_decision_lease/bybit_decision_lease_contract_check.py,
WRAPPER,program_code/exchange_connectors/bybit_connector/scripts/bybit_decision_lease_final_audit.py,program_code/trade_executor/bybit_decision_lease/bybit_decision_lease_final_audit.py,
WRAPPER,program_code/exchange_connectors/bybit_connector/scripts/bybit_decision_lease_friction_contract_check.py,program_code/trade_executor/bybit_decision_lease/bybit_decision_lease_friction_contract_check.py,
WRAPPER,program_code/exchange_connectors/bybit_connector/scripts/bybit_decision_lease_friction_final_audit.py,program_code/trade_executor/bybit_decision_lease/bybit_decision_lease_friction_final_audit.py,
WRAPPER,program_code/exchange_connectors/bybit_connector/scripts/bybit_decision_lease_friction_metrics.py,program_code/trade_executor/bybit_decision_lease/bybit_decision_lease_friction_metrics.py,
WRAPPER,program_code/exchange_connectors/bybit_connector/scripts/bybit_decision_lease_friction_metrics_contract_check.py,program_code/trade_executor/bybit_decision_lease/bybit_decision_lease_friction_metrics_contract_check.py,
WRAPPER,program_code/exchange_connectors/bybit_connector/scripts/bybit_decision_lease_preflight.py,program_code/trade_executor/bybit_decision_lease/bybit_decision_lease_preflight.py,
WRAPPER,program_code/exchange_connectors/bybit_connector/scripts/bybit_decision_lease_preflight_contract_check.py,program_code/trade_executor/bybit_decision_lease/bybit_decision_lease_preflight_contract_check.py,
WRAPPER,program_code/exchange_connectors/bybit_connector/scripts/bybit_decision_lease_replay_contract_check.py,program_code/trade_executor/bybit_decision_lease/bybit_decision_lease_replay_contract_check.py,
WRAPPER,program_code/exchange_connectors/bybit_connector/scripts/bybit_decision_lease_replay_final_audit.py,program_code/trade_executor/bybit_decision_lease/bybit_decision_lease_replay_final_audit.py,
WRAPPER,program_code/exchange_connectors/bybit_connector/scripts/bybit_decision_lease_replay_guard.py,program_code/trade_executor/bybit_decision_lease/bybit_decision_lease_replay_guard.py,
WRAPPER,program_code/exchange_connectors/bybit_connector/scripts/bybit_decision_lease_replay_guard_contract_check.py,program_code/trade_executor/bybit_decision_lease/bybit_decision_lease_replay_guard_contract_check.py,
WRAPPER,program_code/exchange_connectors/bybit_connector/scripts/bybit_decision_lease_replay_policy.py,program_code/trade_executor/bybit_decision_lease/bybit_decision_lease_replay_policy.py,
WRAPPER,program_code/exchange_connectors/bybit_connector/scripts/bybit_decision_lease_replay_policy_contract_check.py,program_code/trade_executor/bybit_decision_lease/bybit_decision_lease_replay_policy_contract_check.py,
WRAPPER,program_code/exchange_connectors/bybit_connector/scripts/bybit_decision_lease_schema.py,program_code/trade_executor/bybit_decision_lease/bybit_decision_lease_schema.py,
WRAPPER,program_code/exchange_connectors/bybit_connector/scripts/bybit_decision_lease_schema_contract_check.py,program_code/trade_executor/bybit_decision_lease/bybit_decision_lease_schema_contract_check.py,
WRAPPER,program_code/exchange_connectors/bybit_connector/scripts/bybit_decision_lease_shadow_audit.py,program_code/trade_executor/bybit_decision_lease/bybit_decision_lease_shadow_audit.py,
WRAPPER,program_code/exchange_connectors/bybit_connector/scripts/bybit_decision_lease_shadow_contract_check.py,program_code/trade_executor/bybit_decision_lease/bybit_decision_lease_shadow_contract_check.py,
WRAPPER,program_code/exchange_connectors/bybit_connector/scripts/bybit_decision_lease_shadow_issue.py,program_code/trade_executor/bybit_decision_lease/bybit_decision_lease_shadow_issue.py,
WRAPPER,program_code/exchange_connectors/bybit_connector/scripts/bybit_decision_lease_shadow_issue_contract_check.py,program_code/trade_executor/bybit_decision_lease/bybit_decision_lease_shadow_issue_contract_check.py,
WRAPPER,program_code/exchange_connectors/bybit_connector/scripts/bybit_decision_packet_pipeline.py,program_code/exchange_connectors/bybit_connector/misc_tools/bybit_decision_packet_pipeline.py,
WRAPPER,program_code/exchange_connectors/bybit_connector/scripts/bybit_decision_packet_to_postgres.py,program_code/exchange_connectors/bybit_connector/io_and_persistence/bybit_decision_packet_to_postgres.py,
WRAPPER,program_code/exchange_connectors/bybit_connector/scripts/bybit_demo_gate_chapter_consistency_check.py,program_code/exchange_connectors/bybit_connector/misc_tools/bybit_demo_gate_chapter_consistency_check.py,
WRAPPER,program_code/exchange_connectors/bybit_connector/scripts/bybit_demo_gate_chapter_consistency_contract_check.py,program_code/exchange_connectors/bybit_connector/misc_tools/bybit_demo_gate_chapter_consistency_contract_check.py,
WRAPPER,program_code/exchange_connectors/bybit_connector/scripts/bybit_demo_gate_contract_builder.py,program_code/exchange_connectors/bybit_connector/misc_tools/bybit_demo_gate_contract_builder.py,
WRAPPER,program_code/exchange_connectors/bybit_connector/scripts/bybit_demo_gate_contract_contract_check.py,program_code/exchange_connectors/bybit_connector/misc_tools/bybit_demo_gate_contract_contract_check.py,
WRAPPER,program_code/exchange_connectors/bybit_connector/scripts/bybit_demo_gate_final_audit_builder.py,program_code/exchange_connectors/bybit_connector/misc_tools/bybit_demo_gate_final_audit_builder.py,
WRAPPER,program_code/exchange_connectors/bybit_connector/scripts/bybit_demo_gate_final_audit_contract_check.py,program_code/exchange_connectors/bybit_connector/misc_tools/bybit_demo_gate_final_audit_contract_check.py,
WRAPPER,program_code/exchange_connectors/bybit_connector/scripts/bybit_demo_gate_handoff_builder.py,program_code/exchange_connectors/bybit_connector/misc_tools/bybit_demo_gate_handoff_builder.py,
WRAPPER,program_code/exchange_connectors/bybit_connector/scripts/bybit_demo_gate_handoff_contract_check.py,program_code/exchange_connectors/bybit_connector/misc_tools/bybit_demo_gate_handoff_contract_check.py,
WRAPPER,program_code/exchange_connectors/bybit_connector/scripts/bybit_demo_gate_readiness_builder.py,program_code/exchange_connectors/bybit_connector/misc_tools/bybit_demo_gate_readiness_builder.py,
WRAPPER,program_code/exchange_connectors/bybit_connector/scripts/bybit_demo_gate_readiness_contract_check.py,program_code/exchange_connectors/bybit_connector/misc_tools/bybit_demo_gate_readiness_contract_check.py,
WRAPPER,program_code/exchange_connectors/bybit_connector/scripts/bybit_demo_gate_summary_builder.py,program_code/exchange_connectors/bybit_connector/misc_tools/bybit_demo_gate_summary_builder.py,
WRAPPER,program_code/exchange_connectors/bybit_connector/scripts/bybit_demo_gate_summary_contract_check.py,program_code/exchange_connectors/bybit_connector/misc_tools/bybit_demo_gate_summary_contract_check.py,
WRAPPER,program_code/exchange_connectors/bybit_connector/scripts/bybit_demo_paper_adapter_skeleton_builder.py,program_code/exchange_connectors/bybit_connector/misc_tools/bybit_demo_paper_adapter_skeleton_builder.py,
WRAPPER,program_code/exchange_connectors/bybit_connector/scripts/bybit_demo_paper_adapter_skeleton_contract_check.py,program_code/exchange_connectors/bybit_connector/misc_tools/bybit_demo_paper_adapter_skeleton_contract_check.py,
WRAPPER,program_code/exchange_connectors/bybit_connector/scripts/bybit_event_driven_chain_consistency_check.py,program_code/trading_strategy/bybit_event_driven/bybit_event_driven_chain_consistency_check.py,
WRAPPER,program_code/exchange_connectors/bybit_connector/scripts/bybit_event_driven_chain_contract_check.py,program_code/trading_strategy/bybit_event_driven/bybit_event_driven_chain_contract_check.py,
WRAPPER,program_code/exchange_connectors/bybit_connector/scripts/bybit_event_driven_final_audit.py,program_code/trading_strategy/bybit_event_driven/bybit_event_driven_final_audit.py,
WRAPPER,program_code/exchange_connectors/bybit_connector/scripts/bybit_event_driven_final_audit_contract_check.py,program_code/trading_strategy/bybit_event_driven/bybit_event_driven_final_audit_contract_check.py,
WRAPPER,program_code/exchange_connectors/bybit_connector/scripts/bybit_event_driven_handoff.py,program_code/trading_strategy/bybit_event_driven/bybit_event_driven_handoff.py,
WRAPPER,program_code/exchange_connectors/bybit_connector/scripts/bybit_event_driven_handoff_contract_check.py,program_code/trading_strategy/bybit_event_driven/bybit_event_driven_handoff_contract_check.py,
WRAPPER,program_code/exchange_connectors/bybit_connector/scripts/bybit_event_driven_phase_contract_check.py,program_code/trading_strategy/bybit_event_driven/bybit_event_driven_phase_contract_check.py,
WRAPPER,program_code/exchange_connectors/bybit_connector/scripts/bybit_event_driven_readiness_contract_check.py,program_code/trading_strategy/bybit_event_driven/bybit_event_driven_readiness_contract_check.py,
WRAPPER,program_code/exchange_connectors/bybit_connector/scripts/bybit_event_driven_readiness_summary.py,program_code/trading_strategy/bybit_event_driven/bybit_event_driven_readiness_summary.py,
WRAPPER,program_code/exchange_connectors/bybit_connector/scripts/bybit_event_driven_state_builder.py,program_code/trading_strategy/bybit_event_driven/bybit_event_driven_state_builder.py,
WRAPPER,program_code/exchange_connectors/bybit_connector/scripts/bybit_event_driven_state_contract_check.py,program_code/trading_strategy/bybit_event_driven/bybit_event_driven_state_contract_check.py,
WRAPPER,program_code/exchange_connectors/bybit_connector/scripts/bybit_event_driven_state_machine.py,program_code/trading_strategy/bybit_event_driven/bybit_event_driven_state_machine.py,
WRAPPER,program_code/exchange_connectors/bybit_connector/scripts/bybit_event_replay_block_chain_builder.py,program_code/trading_strategy/bybit_event_driven/bybit_event_replay_block_chain_builder.py,
WRAPPER,program_code/exchange_connectors/bybit_connector/scripts/bybit_event_replay_block_chain_contract_check.py,program_code/trading_strategy/bybit_event_driven/bybit_event_replay_block_chain_contract_check.py,
WRAPPER,program_code/exchange_connectors/bybit_connector/scripts/bybit_event_replay_phase_builder.py,program_code/trading_strategy/bybit_event_driven/bybit_event_replay_phase_builder.py,
WRAPPER,program_code/exchange_connectors/bybit_connector/scripts/bybit_event_replay_phase_contract_check.py,program_code/trading_strategy/bybit_event_driven/bybit_event_replay_phase_contract_check.py,
WRAPPER,program_code/exchange_connectors/bybit_connector/scripts/bybit_event_replay_state_builder.py,program_code/trading_strategy/bybit_event_driven/bybit_event_replay_state_builder.py,
WRAPPER,program_code/exchange_connectors/bybit_connector/scripts/bybit_event_replay_state_contract_check.py,program_code/trading_strategy/bybit_event_driven/bybit_event_replay_state_contract_check.py,
WRAPPER,program_code/exchange_connectors/bybit_connector/scripts/bybit_event_replay_transition_consistency_check.py,program_code/trading_strategy/bybit_event_driven/bybit_event_replay_transition_consistency_check.py,
WRAPPER,program_code/exchange_connectors/bybit_connector/scripts/bybit_event_replay_transition_consistency_contract_check.py,program_code/trading_strategy/bybit_event_driven/bybit_event_replay_transition_consistency_contract_check.py,
WRAPPER,program_code/exchange_connectors/bybit_connector/scripts/bybit_event_replay_transition_decider.py,program_code/trading_strategy/bybit_event_driven/bybit_event_replay_transition_decider.py,
WRAPPER,program_code/exchange_connectors/bybit_connector/scripts/bybit_event_replay_transition_decision_contract_check.py,program_code/trading_strategy/bybit_event_driven/bybit_event_replay_transition_decision_contract_check.py,
WRAPPER,program_code/exchange_connectors/bybit_connector/scripts/bybit_event_replay_transition_input_builder.py,program_code/trading_strategy/bybit_event_driven/bybit_event_replay_transition_input_builder.py,
WRAPPER,program_code/exchange_connectors/bybit_connector/scripts/bybit_event_replay_transition_input_contract_check.py,program_code/trading_strategy/bybit_event_driven/bybit_event_replay_transition_input_contract_check.py,
WRAPPER,program_code/exchange_connectors/bybit_connector/scripts/bybit_event_replay_transition_outcome_builder.py,program_code/trading_strategy/bybit_event_driven/bybit_event_replay_transition_outcome_builder.py,
WRAPPER,program_code/exchange_connectors/bybit_connector/scripts/bybit_event_replay_transition_outcome_contract_check.py,program_code/trading_strategy/bybit_event_driven/bybit_event_replay_transition_outcome_contract_check.py,
WRAPPER,program_code/exchange_connectors/bybit_connector/scripts/bybit_event_transition_decider.py,program_code/trading_strategy/bybit_event_driven/bybit_event_transition_decider.py,
WRAPPER,program_code/exchange_connectors/bybit_connector/scripts/bybit_event_transition_decision_contract_check.py,program_code/trading_strategy/bybit_event_driven/bybit_event_transition_decision_contract_check.py,
WRAPPER,program_code/exchange_connectors/bybit_connector/scripts/bybit_event_transition_input_builder.py,program_code/trading_strategy/bybit_event_driven/bybit_event_transition_input_builder.py,
WRAPPER,program_code/exchange_connectors/bybit_connector/scripts/bybit_event_transition_input_contract_check.py,program_code/trading_strategy/bybit_event_driven/bybit_event_transition_input_contract_check.py,
WRAPPER,program_code/exchange_connectors/bybit_connector/scripts/bybit_event_transition_outcome_builder.py,program_code/trading_strategy/bybit_event_driven/bybit_event_transition_outcome_builder.py,
WRAPPER,program_code/exchange_connectors/bybit_connector/scripts/bybit_event_transition_outcome_contract_check.py,program_code/trading_strategy/bybit_event_driven/bybit_event_transition_outcome_contract_check.py,
WRAPPER,program_code/exchange_connectors/bybit_connector/scripts/bybit_execution_authority_aggregator.py,program_code/trade_executor/bybit_decision_lease/bybit_execution_authority_aggregator.py,
WRAPPER,program_code/exchange_connectors/bybit_connector/scripts/bybit_execution_authority_aggregator_contract_check.py,program_code/trade_executor/bybit_decision_lease/bybit_execution_authority_aggregator_contract_check.py,
WRAPPER,program_code/exchange_connectors/bybit_connector/scripts/bybit_execution_authority_aggregator_final_audit.py,program_code/trade_executor/bybit_decision_lease/bybit_execution_authority_aggregator_final_audit.py,
WRAPPER,program_code/exchange_connectors/bybit_connector/scripts/bybit_failure_policy_builder.py,program_code/exchange_connectors/bybit_connector/readonly_observer_pipeline/bybit_failure_policy_builder.py,
WRAPPER,program_code/exchange_connectors/bybit_connector/scripts/bybit_full_readonly_observer_cycle.py,program_code/exchange_connectors/bybit_connector/readonly_observer_pipeline/bybit_full_readonly_observer_cycle.py,
DUPLICATE_MINOR_DIFF,program_code/exchange_connectors/bybit_connector/scripts/bybit_h1_report_utils.py,program_code/exchange_connectors/bybit_connector/misc_tools/bybit_h1_report_utils.py,111
WRAPPER,program_code/exchange_connectors/bybit_connector/scripts/bybit_h5_compat_helpers.py,program_code/exchange_connectors/bybit_connector/misc_tools/bybit_h5_compat_helpers.py,
WRAPPER,program_code/exchange_connectors/bybit_connector/scripts/bybit_h5_main_postprocess.py,program_code/exchange_connectors/bybit_connector/misc_tools/bybit_h5_main_postprocess.py,
WRAPPER,program_code/exchange_connectors/bybit_connector/scripts/bybit_h_stage_common.py,program_code/exchange_connectors/bybit_connector/misc_tools/bybit_h_stage_common.py,
WRAPPER,program_code/exchange_connectors/bybit_connector/scripts/bybit_latest_consistency_check.py,program_code/exchange_connectors/bybit_connector/readonly_observer_pipeline/bybit_latest_consistency_check.py,
WRAPPER,program_code/exchange_connectors/bybit_connector/scripts/bybit_load_ws_jsonl_to_postgres.py,program_code/exchange_connectors/bybit_connector/io_and_persistence/bybit_load_ws_jsonl_to_postgres.py,
WRAPPER,program_code/exchange_connectors/bybit_connector/scripts/bybit_local_cost_model_builder.py,program_code/risk_control/bybit_local_models_and_risk/bybit_local_cost_model_builder.py,
WRAPPER,program_code/exchange_connectors/bybit_connector/scripts/bybit_local_cost_model_contract_check.py,program_code/risk_control/bybit_local_models_and_risk/bybit_local_cost_model_contract_check.py,
WRAPPER,program_code/exchange_connectors/bybit_connector/scripts/bybit_local_judgment_final_audit.py,program_code/risk_control/bybit_local_models_and_risk/bybit_local_judgment_final_audit.py,
WRAPPER,program_code/exchange_connectors/bybit_connector/scripts/bybit_local_judgment_final_audit_contract_check.py,program_code/risk_control/bybit_local_models_and_risk/bybit_local_judgment_final_audit_contract_check.py,
WRAPPER,program_code/exchange_connectors/bybit_connector/scripts/bybit_local_market_friction_builder.py,program_code/risk_control/bybit_local_models_and_risk/bybit_local_market_friction_builder.py,
WRAPPER,program_code/exchange_connectors/bybit_connector/scripts/bybit_local_market_friction_contract_check.py,program_code/risk_control/bybit_local_models_and_risk/bybit_local_market_friction_contract_check.py,
WRAPPER,program_code/exchange_connectors/bybit_connector/scripts/bybit_local_risk_envelope_contract_check.py,program_code/risk_control/bybit_local_models_and_risk/bybit_local_risk_envelope_contract_check.py,
WRAPPER,program_code/exchange_connectors/bybit_connector/scripts/bybit_local_risk_envelope_gate.py,program_code/risk_control/bybit_local_models_and_risk/bybit_local_risk_envelope_gate.py,
WRAPPER,program_code/exchange_connectors/bybit_connector/scripts/bybit_local_trade_eligibility_builder.py,program_code/risk_control/bybit_local_models_and_risk/bybit_local_trade_eligibility_builder.py,
WRAPPER,program_code/exchange_connectors/bybit_connector/scripts/bybit_local_trade_eligibility_contract_check.py,program_code/risk_control/bybit_local_models_and_risk/bybit_local_trade_eligibility_contract_check.py,
WRAPPER,program_code/exchange_connectors/bybit_connector/scripts/bybit_local_trade_eligibility_handoff_builder.py,program_code/risk_control/bybit_local_models_and_risk/bybit_local_trade_eligibility_handoff_builder.py,
WRAPPER,program_code/exchange_connectors/bybit_connector/scripts/bybit_local_trade_eligibility_handoff_contract_check.py,program_code/risk_control/bybit_local_models_and_risk/bybit_local_trade_eligibility_handoff_contract_check.py,
WRAPPER,program_code/exchange_connectors/bybit_connector/scripts/bybit_local_trigger_model_builder.py,program_code/risk_control/bybit_local_models_and_risk/bybit_local_trigger_model_builder.py,
WRAPPER,program_code/exchange_connectors/bybit_connector/scripts/bybit_local_trigger_model_contract_check.py,program_code/risk_control/bybit_local_models_and_risk/bybit_local_trigger_model_contract_check.py,
WRAPPER,program_code/exchange_connectors/bybit_connector/scripts/bybit_mainline_cleanup_helpers.py,program_code/exchange_connectors/bybit_connector/misc_tools/bybit_mainline_cleanup_helpers.py,
WRAPPER,program_code/exchange_connectors/bybit_connector/scripts/bybit_manual_approval_packet.py,program_code/trade_executor/bybit_decision_lease/bybit_manual_approval_packet.py,
WRAPPER,program_code/exchange_connectors/bybit_connector/scripts/bybit_manual_approval_packet_contract_check.py,program_code/trade_executor/bybit_decision_lease/bybit_manual_approval_packet_contract_check.py,
WRAPPER,program_code/exchange_connectors/bybit_connector/scripts/bybit_manual_approval_packet_final_audit.py,program_code/trade_executor/bybit_decision_lease/bybit_manual_approval_packet_final_audit.py,
WRAPPER,program_code/exchange_connectors/bybit_connector/scripts/bybit_model_router_contract_check.py,program_code/ai_agents/bybit_thought_gate/bybit_model_router_contract_check.py,
WRAPPER,program_code/exchange_connectors/bybit_connector/scripts/bybit_model_router_decision.py,program_code/ai_agents/bybit_thought_gate/bybit_model_router_decision.py,
WRAPPER,program_code/exchange_connectors/bybit_connector/scripts/bybit_model_router_decision_contract_check.py,program_code/ai_agents/bybit_thought_gate/bybit_model_router_decision_contract_check.py,
WRAPPER,program_code/exchange_connectors/bybit_connector/scripts/bybit_model_router_final_audit.py,program_code/ai_agents/bybit_thought_gate/bybit_model_router_final_audit.py,
WRAPPER,program_code/exchange_connectors/bybit_connector/scripts/bybit_model_router_policy.py,program_code/ai_agents/bybit_thought_gate/bybit_model_router_policy.py,
WRAPPER,program_code/exchange_connectors/bybit_connector/scripts/bybit_model_router_policy_contract_check.py,program_code/ai_agents/bybit_thought_gate/bybit_model_router_policy_contract_check.py,
WRAPPER,program_code/exchange_connectors/bybit_connector/scripts/bybit_model_router_runtime.py,program_code/ai_agents/bybit_thought_gate/bybit_model_router_runtime.py,
WRAPPER,program_code/exchange_connectors/bybit_connector/scripts/bybit_model_router_runtime_contract_check.py,program_code/ai_agents/bybit_thought_gate/bybit_model_router_runtime_contract_check.py,
WRAPPER,program_code/exchange_connectors/bybit_connector/scripts/bybit_next_phase_handoff.py,program_code/exchange_connectors/bybit_connector/readonly_observer_pipeline/bybit_next_phase_handoff.py,
WRAPPER,program_code/exchange_connectors/bybit_connector/scripts/bybit_normalize_latest_snapshot_to_postgres.py,program_code/exchange_connectors/bybit_connector/io_and_persistence/bybit_normalize_latest_snapshot_to_postgres.py,
WRAPPER,program_code/exchange_connectors/bybit_connector/scripts/bybit_observer_acceptance_check.py,program_code/exchange_connectors/bybit_connector/readonly_observer_pipeline/bybit_observer_acceptance_check.py,
WRAPPER,program_code/exchange_connectors/bybit_connector/scripts/bybit_observer_pipeline.py,program_code/exchange_connectors/bybit_connector/readonly_observer_pipeline/bybit_observer_pipeline.py,
WRAPPER,program_code/exchange_connectors/bybit_connector/scripts/bybit_observer_verdict_to_postgres.py,program_code/exchange_connectors/bybit_connector/readonly_observer_pipeline/bybit_observer_verdict_to_postgres.py,
WRAPPER,program_code/exchange_connectors/bybit_connector/scripts/bybit_operator_ack_shadow.py,program_code/trade_executor/bybit_decision_lease/bybit_operator_ack_shadow.py,
WRAPPER,program_code/exchange_connectors/bybit_connector/scripts/bybit_operator_ack_shadow_contract_check.py,program_code/trade_executor/bybit_decision_lease/bybit_operator_ack_shadow_contract_check.py,
WRAPPER,program_code/exchange_connectors/bybit_connector/scripts/bybit_operator_ack_shadow_final_audit.py,program_code/trade_executor/bybit_decision_lease/bybit_operator_ack_shadow_final_audit.py,
WRAPPER,program_code/exchange_connectors/bybit_connector/scripts/bybit_paper_order_lifecycle_skeleton_builder.py,program_code/risk_control/bybit_local_models_and_risk/bybit_paper_order_lifecycle_skeleton_builder.py,
WRAPPER,program_code/exchange_connectors/bybit_connector/scripts/bybit_paper_order_lifecycle_skeleton_contract_check.py,program_code/risk_control/bybit_local_models_and_risk/bybit_paper_order_lifecycle_skeleton_contract_check.py,
WRAPPER,program_code/exchange_connectors/bybit_connector/scripts/bybit_paper_position_balance_projection_skeleton_builder.py,program_code/risk_control/bybit_local_models_and_risk/bybit_paper_position_balance_projection_skeleton_builder.py,
WRAPPER,program_code/exchange_connectors/bybit_connector/scripts/bybit_paper_position_balance_projection_skeleton_contract_check.py,program_code/risk_control/bybit_local_models_and_risk/bybit_paper_position_balance_projection_skeleton_contract_check.py,
WRAPPER,program_code/exchange_connectors/bybit_connector/scripts/bybit_pretrade_risk_integration_skeleton_builder.py,program_code/risk_control/bybit_local_models_and_risk/bybit_pretrade_risk_integration_skeleton_builder.py,
WRAPPER,program_code/exchange_connectors/bybit_connector/scripts/bybit_pretrade_risk_integration_skeleton_contract_check.py,program_code/risk_control/bybit_local_models_and_risk/bybit_pretrade_risk_integration_skeleton_contract_check.py,
WRAPPER,program_code/exchange_connectors/bybit_connector/scripts/bybit_private_account_check.py,program_code/exchange_connectors/bybit_connector/io_and_persistence/bybit_private_account_check.py,
WRAPPER,program_code/exchange_connectors/bybit_connector/scripts/bybit_private_execution_history_check.py,program_code/exchange_connectors/bybit_connector/io_and_persistence/bybit_private_execution_history_check.py,
WRAPPER,program_code/exchange_connectors/bybit_connector/scripts/bybit_private_order_history_check.py,program_code/exchange_connectors/bybit_connector/io_and_persistence/bybit_private_order_history_check.py,
WRAPPER,program_code/exchange_connectors/bybit_connector/scripts/bybit_private_positions_check.py,program_code/exchange_connectors/bybit_connector/io_and_persistence/bybit_private_positions_check.py,
WRAPPER,program_code/exchange_connectors/bybit_connector/scripts/bybit_private_readonly_precheck.py,program_code/exchange_connectors/bybit_connector/io_and_persistence/bybit_private_readonly_precheck.py,
WRAPPER,program_code/exchange_connectors/bybit_connector/scripts/bybit_private_rest_preflight_guard.py,program_code/exchange_connectors/bybit_connector/io_and_persistence/bybit_private_rest_preflight_guard.py,
WRAPPER,program_code/exchange_connectors/bybit_connector/scripts/bybit_private_ws_listener.py,program_code/exchange_connectors/bybit_connector/io_and_persistence/bybit_private_ws_listener.py,
WRAPPER,program_code/exchange_connectors/bybit_connector/scripts/bybit_private_ws_smoke_test.py,program_code/exchange_connectors/bybit_connector/io_and_persistence/bybit_private_ws_smoke_test.py,
WRAPPER,program_code/exchange_connectors/bybit_connector/scripts/bybit_private_ws_smoke_test_v2.py,program_code/exchange_connectors/bybit_connector/io_and_persistence/bybit_private_ws_smoke_test_v2.py,
WRAPPER,program_code/exchange_connectors/bybit_connector/scripts/bybit_public_connectivity_check.py,program_code/exchange_connectors/bybit_connector/io_and_persistence/bybit_public_connectivity_check.py,
WRAPPER,program_code/exchange_connectors/bybit_connector/scripts/bybit_public_connectivity_status_writer.py,program_code/exchange_connectors/bybit_connector/io_and_persistence/bybit_public_connectivity_status_writer.py,
WRAPPER,program_code/exchange_connectors/bybit_connector/scripts/bybit_public_microstructure_builder.py,program_code/exchange_connectors/bybit_connector/io_and_persistence/bybit_public_microstructure_builder.py,
WRAPPER,program_code/exchange_connectors/bybit_connector/scripts/bybit_public_microstructure_contract_check.py,program_code/exchange_connectors/bybit_connector/io_and_persistence/bybit_public_microstructure_contract_check.py,
WRAPPER,program_code/exchange_connectors/bybit_connector/scripts/bybit_query_budget_final_audit.py,program_code/ai_agents/bybit_thought_gate/bybit_query_budget_final_audit.py,
WRAPPER,program_code/exchange_connectors/bybit_connector/scripts/bybit_query_budget_final_audit_contract_check.py,program_code/ai_agents/bybit_thought_gate/bybit_query_budget_final_audit_contract_check.py,
WRAPPER,program_code/exchange_connectors/bybit_connector/scripts/bybit_query_budget_gate.py,program_code/ai_agents/bybit_thought_gate/bybit_query_budget_gate.py,
WRAPPER,program_code/exchange_connectors/bybit_connector/scripts/bybit_query_budget_gate_contract_check.py,program_code/ai_agents/bybit_thought_gate/bybit_query_budget_gate_contract_check.py,
WRAPPER,program_code/exchange_connectors/bybit_connector/scripts/bybit_query_budget_policy.py,program_code/ai_agents/bybit_thought_gate/bybit_query_budget_policy.py,
WRAPPER,program_code/exchange_connectors/bybit_connector/scripts/bybit_query_budget_policy_contract_check.py,program_code/ai_agents/bybit_thought_gate/bybit_query_budget_policy_contract_check.py,
WRAPPER,program_code/exchange_connectors/bybit_connector/scripts/bybit_query_budget_runtime.py,program_code/ai_agents/bybit_thought_gate/bybit_query_budget_runtime.py,
WRAPPER,program_code/exchange_connectors/bybit_connector/scripts/bybit_query_budget_runtime_contract_check.py,program_code/ai_agents/bybit_thought_gate/bybit_query_budget_runtime_contract_check.py,
WRAPPER,program_code/exchange_connectors/bybit_connector/scripts/bybit_readonly_audit.py,program_code/exchange_connectors/bybit_connector/readonly_observer_pipeline/bybit_readonly_audit.py,
WRAPPER,program_code/exchange_connectors/bybit_connector/scripts/bybit_readonly_final_summary.py,program_code/exchange_connectors/bybit_connector/readonly_observer_pipeline/bybit_readonly_final_summary.py,
WRAPPER,program_code/exchange_connectors/bybit_connector/scripts/bybit_readonly_preflight.py,program_code/exchange_connectors/bybit_connector/readonly_observer_pipeline/bybit_readonly_preflight.py,
WRAPPER,program_code/exchange_connectors/bybit_connector/scripts/bybit_readonly_status_writer.py,program_code/exchange_connectors/bybit_connector/readonly_observer_pipeline/bybit_readonly_status_writer.py,
WRAPPER,program_code/exchange_connectors/bybit_connector/scripts/bybit_revision2_master_regression_check.py,program_code/exchange_connectors/bybit_connector/misc_tools/bybit_revision2_master_regression_check.py,
WRAPPER,program_code/exchange_connectors/bybit_connector/scripts/bybit_revision2_master_regression_contract_check.py,program_code/exchange_connectors/bybit_connector/misc_tools/bybit_revision2_master_regression_contract_check.py,
WRAPPER,program_code/exchange_connectors/bybit_connector/scripts/bybit_runtime_state_resolver.py,program_code/exchange_connectors/bybit_connector/readonly_observer_pipeline/bybit_runtime_state_resolver.py,
WRAPPER,program_code/exchange_connectors/bybit_connector/scripts/bybit_snapshot_to_postgres.py,program_code/exchange_connectors/bybit_connector/io_and_persistence/bybit_snapshot_to_postgres.py,
WRAPPER,program_code/exchange_connectors/bybit_connector/scripts/bybit_thought_gate_acceptance_suite.py,program_code/ai_agents/bybit_thought_gate/bybit_thought_gate_acceptance_suite.py,
WRAPPER,program_code/exchange_connectors/bybit_connector/scripts/bybit_thought_gate_contract_check.py,program_code/ai_agents/bybit_thought_gate/bybit_thought_gate_contract_check.py,
WRAPPER,program_code/exchange_connectors/bybit_connector/scripts/bybit_thought_gate_decision_builder.py,program_code/ai_agents/bybit_thought_gate/bybit_thought_gate_decision_builder.py,
WRAPPER,program_code/exchange_connectors/bybit_connector/scripts/bybit_thought_gate_decision_contract_check.py,program_code/ai_agents/bybit_thought_gate/bybit_thought_gate_decision_contract_check.py,
WRAPPER,program_code/exchange_connectors/bybit_connector/scripts/bybit_thought_gate_final_audit.py,program_code/ai_agents/bybit_thought_gate/bybit_thought_gate_final_audit.py,
WRAPPER,program_code/exchange_connectors/bybit_connector/scripts/bybit_thought_gate_handoff.py,program_code/ai_agents/bybit_thought_gate/bybit_thought_gate_handoff.py,
WRAPPER,program_code/exchange_connectors/bybit_connector/scripts/bybit_thought_gate_input_builder.py,program_code/ai_agents/bybit_thought_gate/bybit_thought_gate_input_builder.py,
WRAPPER,program_code/exchange_connectors/bybit_connector/scripts/bybit_thought_gate_input_contract_check.py,program_code/ai_agents/bybit_thought_gate/bybit_thought_gate_input_contract_check.py,
WRAPPER,program_code/exchange_connectors/bybit_connector/scripts/bybit_thought_gate_policy_builder.py,program_code/ai_agents/bybit_thought_gate/bybit_thought_gate_policy_builder.py,
WRAPPER,program_code/exchange_connectors/bybit_connector/scripts/bybit_thought_gate_policy_contract_check.py,program_code/ai_agents/bybit_thought_gate/bybit_thought_gate_policy_contract_check.py,
WRAPPER,program_code/exchange_connectors/bybit_connector/scripts/bybit_thought_gate_regression_summary.py,program_code/ai_agents/bybit_thought_gate/bybit_thought_gate_regression_summary.py,
WRAPPER,program_code/exchange_connectors/bybit_connector/scripts/bybit_transition_engine_audit_trail_builder.py,program_code/trading_strategy/bybit_event_driven/bybit_transition_engine_audit_trail_builder.py,
WRAPPER,program_code/exchange_connectors/bybit_connector/scripts/bybit_transition_engine_audit_trail_contract_check.py,program_code/trading_strategy/bybit_event_driven/bybit_transition_engine_audit_trail_contract_check.py,
WRAPPER,program_code/exchange_connectors/bybit_connector/scripts/bybit_transition_engine_chapter_consistency_check.py,program_code/trading_strategy/bybit_event_driven/bybit_transition_engine_chapter_consistency_check.py,
WRAPPER,program_code/exchange_connectors/bybit_connector/scripts/bybit_transition_engine_chapter_consistency_contract_check.py,program_code/trading_strategy/bybit_event_driven/bybit_transition_engine_chapter_consistency_contract_check.py,
WRAPPER,program_code/exchange_connectors/bybit_connector/scripts/bybit_transition_engine_checkpoint_builder.py,program_code/trading_strategy/bybit_event_driven/bybit_transition_engine_checkpoint_builder.py,
WRAPPER,program_code/exchange_connectors/bybit_connector/scripts/bybit_transition_engine_checkpoint_contract_check.py,program_code/trading_strategy/bybit_event_driven/bybit_transition_engine_checkpoint_contract_check.py,
WRAPPER,program_code/exchange_connectors/bybit_connector/scripts/bybit_transition_engine_final_audit.py,program_code/trading_strategy/bybit_event_driven/bybit_transition_engine_final_audit.py,
WRAPPER,program_code/exchange_connectors/bybit_connector/scripts/bybit_transition_engine_final_audit_contract_check.py,program_code/trading_strategy/bybit_event_driven/bybit_transition_engine_final_audit_contract_check.py,
WRAPPER,program_code/exchange_connectors/bybit_connector/scripts/bybit_transition_engine_handoff.py,program_code/trading_strategy/bybit_event_driven/bybit_transition_engine_handoff.py,
WRAPPER,program_code/exchange_connectors/bybit_connector/scripts/bybit_transition_engine_handoff_contract_check.py,program_code/trading_strategy/bybit_event_driven/bybit_transition_engine_handoff_contract_check.py,
WRAPPER,program_code/exchange_connectors/bybit_connector/scripts/bybit_transition_engine_replay_matrix.py,program_code/trading_strategy/bybit_event_driven/bybit_transition_engine_replay_matrix.py,
WRAPPER,program_code/exchange_connectors/bybit_connector/scripts/bybit_transition_engine_replay_matrix_contract_check.py,program_code/trading_strategy/bybit_event_driven/bybit_transition_engine_replay_matrix_contract_check.py,
WRAPPER,program_code/exchange_connectors/bybit_connector/scripts/bybit_transition_engine_summary.py,program_code/trading_strategy/bybit_event_driven/bybit_transition_engine_summary.py,
WRAPPER,program_code/exchange_connectors/bybit_connector/scripts/bybit_transition_engine_summary_contract_check.py,program_code/trading_strategy/bybit_event_driven/bybit_transition_engine_summary_contract_check.py,
WRAPPER,program_code/exchange_connectors/bybit_connector/scripts/bybit_transition_rule_layer_builder.py,program_code/trading_strategy/bybit_event_driven/bybit_transition_rule_layer_builder.py,
WRAPPER,program_code/exchange_connectors/bybit_connector/scripts/bybit_transition_rule_layer_contract_check.py,program_code/trading_strategy/bybit_event_driven/bybit_transition_rule_layer_contract_check.py,
WRAPPER,program_code/exchange_connectors/bybit_connector/scripts/bybit_transition_state_graph_builder.py,program_code/trading_strategy/bybit_event_driven/bybit_transition_state_graph_builder.py,
WRAPPER,program_code/exchange_connectors/bybit_connector/scripts/bybit_transition_state_graph_consistency_check.py,program_code/trading_strategy/bybit_event_driven/bybit_transition_state_graph_consistency_check.py,
WRAPPER,program_code/exchange_connectors/bybit_connector/scripts/bybit_transition_state_graph_consistency_contract_check.py,program_code/trading_strategy/bybit_event_driven/bybit_transition_state_graph_consistency_contract_check.py,
WRAPPER,program_code/exchange_connectors/bybit_connector/scripts/bybit_transition_state_graph_contract_check.py,program_code/trading_strategy/bybit_event_driven/bybit_transition_state_graph_contract_check.py,
WRAPPER,program_code/exchange_connectors/bybit_connector/scripts/bybit_ws_smoke_to_postgres.py,program_code/exchange_connectors/bybit_connector/io_and_persistence/bybit_ws_smoke_to_postgres.py,
WRAPPER,program_code/exchange_connectors/bybit_connector/scripts/cleanup_legacy_ai_env.py,helper_scripts/maintenance_scripts/bybit_connector/cleanup_legacy_ai_env.py,
WRAPPER,program_code/exchange_connectors/bybit_connector/scripts/repair_i10_stage_source_aliases.py,helper_scripts/maintenance_scripts/bybit_connector/repair_i10_stage_source_aliases.py,
WRAPPER,program_code/exchange_connectors/bybit_connector/scripts/run_bybit_observer_cycle.py,program_code/exchange_connectors/bybit_connector/readonly_observer_pipeline/run_bybit_observer_cycle.py,
