kind	path	command_or_target	role	mutation_risk	evidence	notes
api_startup_task	program_code/exchange_connectors/bybit_connector/control_api_v1/app/ai_service.py	create_ai_service_listener(); listener.start()	AIServiceListener	ipc_service	main.py create_task and app.state refs	
api_startup_task	program_code/exchange_connectors/bybit_connector/control_api_v1/app/edge_estimator_scheduler.py	start_scheduler() at API startup	EdgeEstimatorScheduler	scheduled_db_or_file_writer	leader-elected worker only	
api_startup_task	program_code/exchange_connectors/bybit_connector/control_api_v1/app/evolution_auto_scheduler.py	start_scheduler() at API startup	EvolutionScheduler	scheduled_state_or_db_touch	main.py imports evolution_auto_scheduler.start_scheduler	
api_startup_task	program_code/exchange_connectors/bybit_connector/control_api_v1/app/main.py	startup auto-seed from TruthSourceRegistry	ExperimentLedger auto-seed	db_mutating	get_experiment_ledger().auto_seed_from_claims	
api_startup_task	program_code/exchange_connectors/bybit_connector/control_api_v1/app/paper_trading_wiring.py	asyncio.create_task(...reconciler_alert_monitor())	reconciler_alert_monitor	monitoring_or_alerting	main.py create_task	
docker_service	docker_projects/monitoring_services/docker-compose.yml	grafana	Docker Compose service: grafana	service_or_observer	line 2: service grafana	compose services section
docker_service	docker_projects/trading_services/docker-compose.yml	audit_logger	Docker Compose service: audit_logger	service_or_observer	line 44: service audit_logger	compose services section
docker_service	docker_projects/trading_services/docker-compose.yml	binance_connector	Docker Compose service: binance_connector	service_or_observer	line 16: service binance_connector	compose services section
docker_service	docker_projects/trading_services/docker-compose.yml	bybit_connector	Docker Compose service: bybit_connector	service_or_observer	line 2: service bybit_connector	compose services section
docker_service	docker_projects/trading_services/docker-compose.yml	pretrade_risk_gate	Docker Compose service: pretrade_risk_gate	service_or_observer	line 30: service pretrade_risk_gate	compose services section
docker_service	docker_projects/trading_services/openclaw_bybit_control_api_v1/docker-compose.yml	openclaw_bybit_control_api_v1	Docker Compose service: openclaw_bybit_control_api_v1	service_mutating	line 4: service openclaw_bybit_control_api_v1	compose services section
fastapi_app	program_code/exchange_connectors/bybit_connector/control_api_v1/app/main.py	uvicorn app.main:app --host 0.0.0.0 --port 8000	Control API v1 HTTP service	service_mutating	app = base.app; app.include_router(...); @app.on_event('startup')	Default API target in restart_all.sh and launchd
fastapi_compat_app	program_code/exchange_connectors/bybit_connector/control_api_v1/app/main_snapshot_stable.py	uvicorn app.main_snapshot_stable:app	Compatibility API entry	service_mutating	from .main import app	Compatibility re-export only
fastapi_legacy_app	program_code/exchange_connectors/bybit_connector/control_api_v1/app/main_legacy.py	uvicorn app.main_legacy:app	Legacy Control API app	service_mutating	app = FastAPI(...)	Rollback path mentioned by app/main.py
fastapi_router	program_code/exchange_connectors/bybit_connector/control_api_v1/app/ai_budget_routes.py	/api/v1/ai_budget	APIRouter router	api_read_or_mixed	APIRouter declaration	router surface included directly or indirectly
fastapi_router	program_code/exchange_connectors/bybit_connector/control_api_v1/app/attribution_routes.py	(prefix dynamic/none)	APIRouter attribution_router	api_read_or_mixed	APIRouter declaration	router surface included directly or indirectly
fastapi_router	program_code/exchange_connectors/bybit_connector/control_api_v1/app/backtest_routes.py	/api/v1/backtest	APIRouter router	api_read_or_mixed	APIRouter declaration	router surface included directly or indirectly
fastapi_router	program_code/exchange_connectors/bybit_connector/control_api_v1/app/edge_estimator_routes.py	/api/v1/edge-estimator	APIRouter router	api_read_or_mixed	APIRouter declaration	router surface included directly or indirectly
fastapi_router	program_code/exchange_connectors/bybit_connector/control_api_v1/app/engine_capabilities_routes.py	(prefix dynamic/none)	APIRouter engine_capabilities_router	api_read_or_mixed	APIRouter declaration	router surface included directly or indirectly
fastapi_router	program_code/exchange_connectors/bybit_connector/control_api_v1/app/evolution_routes.py	/api/v1/evolution	APIRouter router	api_read_or_mixed	APIRouter declaration	router surface included directly or indirectly
fastapi_router	program_code/exchange_connectors/bybit_connector/control_api_v1/app/executor_routes.py	(prefix dynamic/none)	APIRouter executor_router	api_mutating_or_sensitive	APIRouter declaration	router surface included directly or indirectly
fastapi_router	program_code/exchange_connectors/bybit_connector/control_api_v1/app/experiment_routes.py	/api/v1/experiments	APIRouter router	api_read_or_mixed	APIRouter declaration	router surface included directly or indirectly
fastapi_router	program_code/exchange_connectors/bybit_connector/control_api_v1/app/governance_routes.py	(prefix dynamic/none)	APIRouter governance_router	api_mutating_or_sensitive	APIRouter declaration	router surface included directly or indirectly
fastapi_router	program_code/exchange_connectors/bybit_connector/control_api_v1/app/layer2_routes.py	(prefix dynamic/none)	APIRouter layer2_router	api_read_or_mixed	APIRouter declaration	router surface included directly or indirectly
fastapi_router	program_code/exchange_connectors/bybit_connector/control_api_v1/app/live_session_routes.py	(prefix dynamic/none)	APIRouter live_router	api_mutating_or_sensitive	APIRouter declaration	router surface included directly or indirectly
fastapi_router	program_code/exchange_connectors/bybit_connector/control_api_v1/app/live_trust_routes.py	(prefix dynamic/none)	APIRouter live_trust_router	api_mutating_or_sensitive	APIRouter declaration	router surface included directly or indirectly
fastapi_router	program_code/exchange_connectors/bybit_connector/control_api_v1/app/ml_routes.py	/api/v1/ml	APIRouter router	api_read_or_mixed	APIRouter declaration	router surface included directly or indirectly
fastapi_router	program_code/exchange_connectors/bybit_connector/control_api_v1/app/paper_trading_routes.py	/api/v1/paper	APIRouter paper_router	api_mutating_or_sensitive	APIRouter declaration	router surface included directly or indirectly
fastapi_router	program_code/exchange_connectors/bybit_connector/control_api_v1/app/phase4_routes.py	/api/v1/phase4	APIRouter phase4_router	api_read_or_mixed	APIRouter declaration	router surface included directly or indirectly
fastapi_router	program_code/exchange_connectors/bybit_connector/control_api_v1/app/risk_routes.py	(prefix dynamic/none)	APIRouter risk_router	api_mutating_or_sensitive	APIRouter declaration	router surface included directly or indirectly
fastapi_router	program_code/exchange_connectors/bybit_connector/control_api_v1/app/scout_routes.py	(prefix dynamic/none)	APIRouter scout_router	api_read_or_mixed	APIRouter declaration	router surface included directly or indirectly
fastapi_router	program_code/exchange_connectors/bybit_connector/control_api_v1/app/settings_routes.py	(prefix dynamic/none)	APIRouter settings_router	api_mutating_or_sensitive	APIRouter declaration	router surface included directly or indirectly
fastapi_router	program_code/exchange_connectors/bybit_connector/control_api_v1/app/shadow_fills_routes.py	(prefix dynamic/none)	APIRouter shadow_fills_router	api_read_or_mixed	APIRouter declaration	router surface included directly or indirectly
fastapi_router	program_code/exchange_connectors/bybit_connector/control_api_v1/app/strategist_history_routes.py	(prefix dynamic/none)	APIRouter strategist_history_router	api_read_or_mixed	APIRouter declaration	router surface included directly or indirectly
fastapi_router	program_code/exchange_connectors/bybit_connector/control_api_v1/app/strategist_history_routes.py	(prefix dynamic/none)	APIRouter strategist_cycle_router	api_read_or_mixed	APIRouter declaration	router surface included directly or indirectly
fastapi_router	program_code/exchange_connectors/bybit_connector/control_api_v1/app/strategist_promote_routes.py	(prefix dynamic/none)	APIRouter strategist_promote_router	api_mutating_or_sensitive	APIRouter declaration	router surface included directly or indirectly
fastapi_router	program_code/exchange_connectors/bybit_connector/control_api_v1/app/strategy_wiring.py	(prefix dynamic/none)	APIRouter phase2_router	api_mutating_or_sensitive	APIRouter declaration	router surface included directly or indirectly
launchd_service	helper_scripts/deploy/com.openclaw.engine-watchdog.plist	/usr/bin/env python3 __BASE__/helper_scripts/canary/engine_watchdog.py --data-dir __HOME__/.openclaw_runtime --stale-threshold 45 --grace-period 120 --poll-interval 1	launchd service	service_mutating	Label=com.openclaw.engine-watchdog; KeepAlive=True	macOS service template
launchd_service	helper_scripts/deploy/com.openclaw.engine.plist	__BASE__/rust/target/release/openclaw-engine	launchd service	service_mutating	Label=com.openclaw.engine; KeepAlive=True	macOS service template
launchd_service	helper_scripts/deploy/com.openclaw.gateway.plist	/usr/local/bin/node __HOME__/.npm-global/lib/node_modules/openclaw/dist/entry.js gateway --port 18789	launchd service	external_gateway_service	Label=com.openclaw.gateway; KeepAlive=True	macOS service template
launchd_service	helper_scripts/deploy/com.openclaw.trading-api.plist	__BASE__/program_code/exchange_connectors/bybit_connector/control_api_v1/.venv/bin/uvicorn app.main:app --host 0.0.0.0 --port 8000	launchd service	service_mutating	Label=com.openclaw.trading-api; KeepAlive=True	macOS service template
python_cli	helper_scripts/canary/canary_comparator.py	python3 helper_scripts/canary/canary_comparator.py	data writer CLI	db_mutating	__main__	
python_cli	helper_scripts/canary/edge_p2_flip_dry_run.py	python3 helper_scripts/canary/edge_p2_flip_dry_run.py	utility CLI	unknown_until_review	__main__	
python_cli	helper_scripts/canary/engine_watchdog.py	python3 helper_scripts/canary/engine_watchdog.py	utility CLI	unknown_until_review	__main__	
python_cli	helper_scripts/canary/g2_03_bind_helper.py	python3 helper_scripts/canary/g2_03_bind_helper.py	data writer CLI	db_mutating	__main__	
python_cli	helper_scripts/canary/replay_runner.py	python3 helper_scripts/canary/replay_runner.py	utility CLI	unknown_until_review	__main__	
python_cli	helper_scripts/clean_restart_flatten.py	python3 helper_scripts/clean_restart_flatten.py	operator destructive CLI	state_mutating_or_live_capable	__main__	
python_cli	helper_scripts/db/audit_migrations.py	python3 helper_scripts/db/audit_migrations.py	database/operator CLI	db_mutating_or_db_sensitive	__main__	
python_cli	helper_scripts/db/canary_promote_runner.py	python3 helper_scripts/db/canary_promote_runner.py	data writer CLI	db_mutating	__main__	
python_cli	helper_scripts/db/check_migration_status.py	python3 helper_scripts/db/check_migration_status.py	database/operator CLI	db_mutating_or_db_sensitive	__main__	
python_cli	helper_scripts/db/counterfactual_exit_replay.py	python3 helper_scripts/db/counterfactual_exit_replay.py	data writer CLI	db_mutating	__main__	
python_cli	helper_scripts/db/fresh_start_reset.py	python3 helper_scripts/db/fresh_start_reset.py	operator destructive CLI	state_mutating_or_live_capable	__main__	
python_cli	helper_scripts/db/passive_wait_healthcheck.py	python3 helper_scripts/db/passive_wait_healthcheck.py	data writer CLI	db_mutating	__main__	
python_cli	helper_scripts/db/passive_wait_healthcheck/__main__.py	python3 helper_scripts/db/passive_wait_healthcheck/__main__.py	database/operator CLI	db_mutating_or_db_sensitive	__main__	
python_cli	helper_scripts/db/passive_wait_healthcheck/runner.py	python3 helper_scripts/db/passive_wait_healthcheck/runner.py	data writer CLI	db_mutating	__main__	
python_cli	helper_scripts/db/phase1a_c_readiness.py	python3 helper_scripts/db/phase1a_c_readiness.py	database/operator CLI	db_mutating_or_db_sensitive	__main__	
python_cli	helper_scripts/golden_dataset_gen.py	python3 helper_scripts/golden_dataset_gen.py	utility CLI	unknown_until_review	__main__	
python_cli	helper_scripts/maintenance_scripts/bybit_connector/_bybit_latest_wrapper.py	python3 helper_scripts/maintenance_scripts/bybit_connector/_bybit_latest_wrapper.py	utility CLI	unknown_until_review	__main__	
python_cli	helper_scripts/maintenance_scripts/bybit_connector/repair_i10_stage_source_aliases.py	python3 helper_scripts/maintenance_scripts/bybit_connector/repair_i10_stage_source_aliases.py	utility CLI	unknown_until_review	__main__	
python_cli	helper_scripts/phase4/dl3_go_no_go.py	python3 helper_scripts/phase4/dl3_go_no_go.py	data writer CLI	db_mutating	__main__	
python_cli	helper_scripts/phase4/weekly_report.py	python3 helper_scripts/phase4/weekly_report.py	data writer CLI	db_mutating	__main__	
python_cli	helper_scripts/research/bb_breakout_threshold_sweep.py	python3 helper_scripts/research/bb_breakout_threshold_sweep.py	utility CLI	unknown_until_review	__main__	
python_cli	helper_scripts/research/cost_edge_advisor_observation_report.py	python3 helper_scripts/research/cost_edge_advisor_observation_report.py	utility CLI	unknown_until_review	__main__	
python_cli	helper_scripts/research/exit_features_summary.py	python3 helper_scripts/research/exit_features_summary.py	utility CLI	unknown_until_review	__main__	
python_cli	helper_scripts/research/exit_threshold_calibrator.py	python3 helper_scripts/research/exit_threshold_calibrator.py	utility CLI	unknown_until_review	__main__	
python_cli	helper_scripts/research/ma_crossover_counterfactual_replay.py	python3 helper_scripts/research/ma_crossover_counterfactual_replay.py	utility CLI	unknown_until_review	__main__	
python_cli	helper_scripts/research/shadow_disagreement_breakdown.py	python3 helper_scripts/research/shadow_disagreement_breakdown.py	utility CLI	unknown_until_review	__main__	
python_cli	helper_scripts/schema_diff.py	python3 helper_scripts/schema_diff.py	utility CLI	unknown_until_review	__main__	
python_cli	program_code/ai_agents/bybit_thought_gate/bybit_ai_cost_governance_contract_check.py	python3 program_code/ai_agents/bybit_thought_gate/bybit_ai_cost_governance_contract_check.py	contract/audit CLI	validation_or_readonly	__main__	
python_cli	program_code/ai_agents/bybit_thought_gate/bybit_ai_cost_governance_final_audit.py	python3 program_code/ai_agents/bybit_thought_gate/bybit_ai_cost_governance_final_audit.py	contract/audit CLI	validation_or_readonly	__main__	
python_cli	program_code/ai_agents/bybit_thought_gate/bybit_ai_cost_log.py	python3 program_code/ai_agents/bybit_thought_gate/bybit_ai_cost_log.py	utility CLI	unknown_until_review	__main__	
python_cli	program_code/ai_agents/bybit_thought_gate/bybit_ai_cost_log_contract_check.py	python3 program_code/ai_agents/bybit_thought_gate/bybit_ai_cost_log_contract_check.py	contract/audit CLI	validation_or_readonly	__main__	
python_cli	program_code/ai_agents/bybit_thought_gate/bybit_ai_governance_audit.py	python3 program_code/ai_agents/bybit_thought_gate/bybit_ai_governance_audit.py	utility CLI	unknown_until_review	__main__	
python_cli	program_code/ai_agents/bybit_thought_gate/bybit_ai_governance_audit_contract_check.py	python3 program_code/ai_agents/bybit_thought_gate/bybit_ai_governance_audit_contract_check.py	contract/audit CLI	validation_or_readonly	__main__	
python_cli	program_code/ai_agents/bybit_thought_gate/bybit_ai_governed_decision.py	python3 program_code/ai_agents/bybit_thought_gate/bybit_ai_governed_decision.py	utility CLI	unknown_until_review	__main__	
python_cli	program_code/ai_agents/bybit_thought_gate/bybit_ai_governed_decision_contract_check.py	python3 program_code/ai_agents/bybit_thought_gate/bybit_ai_governed_decision_contract_check.py	contract/audit CLI	validation_or_readonly	__main__	
python_cli	program_code/ai_agents/bybit_thought_gate/bybit_ai_invocation_attempt_builder.py	python3 program_code/ai_agents/bybit_thought_gate/bybit_ai_invocation_attempt_builder.py	data writer CLI	db_mutating	__main__	
python_cli	program_code/ai_agents/bybit_thought_gate/bybit_ai_invocation_attempt_contract_check.py	python3 program_code/ai_agents/bybit_thought_gate/bybit_ai_invocation_attempt_contract_check.py	contract/audit CLI	validation_or_readonly	__main__	
python_cli	program_code/ai_agents/bybit_thought_gate/bybit_ai_prompt_prep_builder.py	python3 program_code/ai_agents/bybit_thought_gate/bybit_ai_prompt_prep_builder.py	data writer CLI	db_mutating	__main__	
python_cli	program_code/ai_agents/bybit_thought_gate/bybit_ai_prompt_prep_contract_check.py	python3 program_code/ai_agents/bybit_thought_gate/bybit_ai_prompt_prep_contract_check.py	contract/audit CLI	validation_or_readonly	__main__	
python_cli	program_code/ai_agents/bybit_thought_gate/bybit_ai_prompt_prep_tighten.py	python3 program_code/ai_agents/bybit_thought_gate/bybit_ai_prompt_prep_tighten.py	utility CLI	unknown_until_review	__main__	
python_cli	program_code/ai_agents/bybit_thought_gate/bybit_ai_request_envelope_builder.py	python3 program_code/ai_agents/bybit_thought_gate/bybit_ai_request_envelope_builder.py	utility CLI	unknown_until_review	__main__	
python_cli	program_code/ai_agents/bybit_thought_gate/bybit_ai_request_envelope_contract_check.py	python3 program_code/ai_agents/bybit_thought_gate/bybit_ai_request_envelope_contract_check.py	contract/audit CLI	validation_or_readonly	__main__	
python_cli	program_code/ai_agents/bybit_thought_gate/bybit_ai_response_check.py	python3 program_code/ai_agents/bybit_thought_gate/bybit_ai_response_check.py	utility CLI	unknown_until_review	__main__	
python_cli	program_code/ai_agents/bybit_thought_gate/bybit_ai_response_check_builder.py	python3 program_code/ai_agents/bybit_thought_gate/bybit_ai_response_check_builder.py	utility CLI	unknown_until_review	__main__	
python_cli	program_code/ai_agents/bybit_thought_gate/bybit_ai_response_check_contract_check.py	python3 program_code/ai_agents/bybit_thought_gate/bybit_ai_response_check_contract_check.py	contract/audit CLI	validation_or_readonly	__main__	
python_cli	program_code/ai_agents/bybit_thought_gate/bybit_ai_route_selector_builder.py	python3 program_code/ai_agents/bybit_thought_gate/bybit_ai_route_selector_builder.py	utility CLI	unknown_until_review	__main__	
python_cli	program_code/ai_agents/bybit_thought_gate/bybit_ai_route_selector_contract_check.py	python3 program_code/ai_agents/bybit_thought_gate/bybit_ai_route_selector_contract_check.py	contract/audit CLI	validation_or_readonly	__main__	
python_cli	program_code/ai_agents/bybit_thought_gate/bybit_compute_governor_contract_check.py	python3 program_code/ai_agents/bybit_thought_gate/bybit_compute_governor_contract_check.py	contract/audit CLI	validation_or_readonly	__main__	
python_cli	program_code/ai_agents/bybit_thought_gate/bybit_compute_governor_final_audit.py	python3 program_code/ai_agents/bybit_thought_gate/bybit_compute_governor_final_audit.py	contract/audit CLI	validation_or_readonly	__main__	
python_cli	program_code/ai_agents/bybit_thought_gate/bybit_compute_governor_gate.py	python3 program_code/ai_agents/bybit_thought_gate/bybit_compute_governor_gate.py	utility CLI	unknown_until_review	__main__	
python_cli	program_code/ai_agents/bybit_thought_gate/bybit_compute_governor_gate_contract_check.py	python3 program_code/ai_agents/bybit_thought_gate/bybit_compute_governor_gate_contract_check.py	contract/audit CLI	validation_or_readonly	__main__	
python_cli	program_code/ai_agents/bybit_thought_gate/bybit_compute_governor_policy.py	python3 program_code/ai_agents/bybit_thought_gate/bybit_compute_governor_policy.py	utility CLI	unknown_until_review	__main__	
python_cli	program_code/ai_agents/bybit_thought_gate/bybit_compute_governor_policy_contract_check.py	python3 program_code/ai_agents/bybit_thought_gate/bybit_compute_governor_policy_contract_check.py	contract/audit CLI	validation_or_readonly	__main__	
python_cli	program_code/ai_agents/bybit_thought_gate/bybit_compute_governor_runtime.py	python3 program_code/ai_agents/bybit_thought_gate/bybit_compute_governor_runtime.py	utility CLI	unknown_until_review	__main__	
python_cli	program_code/ai_agents/bybit_thought_gate/bybit_compute_governor_runtime_contract_check.py	python3 program_code/ai_agents/bybit_thought_gate/bybit_compute_governor_runtime_contract_check.py	contract/audit CLI	validation_or_readonly	__main__	
python_cli	program_code/ai_agents/bybit_thought_gate/bybit_model_router_contract_check.py	python3 program_code/ai_agents/bybit_thought_gate/bybit_model_router_contract_check.py	contract/audit CLI	validation_or_readonly	__main__	
python_cli	program_code/ai_agents/bybit_thought_gate/bybit_model_router_decision.py	python3 program_code/ai_agents/bybit_thought_gate/bybit_model_router_decision.py	ML/training CLI	db_or_model_artifact_mutating	__main__	
python_cli	program_code/ai_agents/bybit_thought_gate/bybit_model_router_decision_contract_check.py	python3 program_code/ai_agents/bybit_thought_gate/bybit_model_router_decision_contract_check.py	contract/audit CLI	validation_or_readonly	__main__	
python_cli	program_code/ai_agents/bybit_thought_gate/bybit_model_router_final_audit.py	python3 program_code/ai_agents/bybit_thought_gate/bybit_model_router_final_audit.py	contract/audit CLI	validation_or_readonly	__main__	
python_cli	program_code/ai_agents/bybit_thought_gate/bybit_model_router_policy.py	python3 program_code/ai_agents/bybit_thought_gate/bybit_model_router_policy.py	ML/training CLI	db_or_model_artifact_mutating	__main__	
python_cli	program_code/ai_agents/bybit_thought_gate/bybit_model_router_policy_contract_check.py	python3 program_code/ai_agents/bybit_thought_gate/bybit_model_router_policy_contract_check.py	contract/audit CLI	validation_or_readonly	__main__	
python_cli	program_code/ai_agents/bybit_thought_gate/bybit_model_router_runtime.py	python3 program_code/ai_agents/bybit_thought_gate/bybit_model_router_runtime.py	ML/training CLI	db_or_model_artifact_mutating	__main__	
python_cli	program_code/ai_agents/bybit_thought_gate/bybit_model_router_runtime_contract_check.py	python3 program_code/ai_agents/bybit_thought_gate/bybit_model_router_runtime_contract_check.py	contract/audit CLI	validation_or_readonly	__main__	
python_cli	program_code/ai_agents/bybit_thought_gate/bybit_query_budget_final_audit.py	python3 program_code/ai_agents/bybit_thought_gate/bybit_query_budget_final_audit.py	contract/audit CLI	validation_or_readonly	__main__	
python_cli	program_code/ai_agents/bybit_thought_gate/bybit_query_budget_final_audit_contract_check.py	python3 program_code/ai_agents/bybit_thought_gate/bybit_query_budget_final_audit_contract_check.py	contract/audit CLI	validation_or_readonly	__main__	
python_cli	program_code/ai_agents/bybit_thought_gate/bybit_query_budget_gate.py	python3 program_code/ai_agents/bybit_thought_gate/bybit_query_budget_gate.py	utility CLI	unknown_until_review	__main__	
python_cli	program_code/ai_agents/bybit_thought_gate/bybit_query_budget_gate_contract_check.py	python3 program_code/ai_agents/bybit_thought_gate/bybit_query_budget_gate_contract_check.py	contract/audit CLI	validation_or_readonly	__main__	
python_cli	program_code/ai_agents/bybit_thought_gate/bybit_query_budget_policy.py	python3 program_code/ai_agents/bybit_thought_gate/bybit_query_budget_policy.py	utility CLI	unknown_until_review	__main__	
python_cli	program_code/ai_agents/bybit_thought_gate/bybit_query_budget_policy_contract_check.py	python3 program_code/ai_agents/bybit_thought_gate/bybit_query_budget_policy_contract_check.py	contract/audit CLI	validation_or_readonly	__main__	
python_cli	program_code/ai_agents/bybit_thought_gate/bybit_query_budget_runtime.py	python3 program_code/ai_agents/bybit_thought_gate/bybit_query_budget_runtime.py	utility CLI	unknown_until_review	__main__	
python_cli	program_code/ai_agents/bybit_thought_gate/bybit_query_budget_runtime_contract_check.py	python3 program_code/ai_agents/bybit_thought_gate/bybit_query_budget_runtime_contract_check.py	contract/audit CLI	validation_or_readonly	__main__	
python_cli	program_code/ai_agents/bybit_thought_gate/bybit_thought_gate_acceptance_suite.py	python3 program_code/ai_agents/bybit_thought_gate/bybit_thought_gate_acceptance_suite.py	contract/audit CLI	validation_or_readonly	__main__	
python_cli	program_code/ai_agents/bybit_thought_gate/bybit_thought_gate_contract_check.py	python3 program_code/ai_agents/bybit_thought_gate/bybit_thought_gate_contract_check.py	contract/audit CLI	validation_or_readonly	__main__	
python_cli	program_code/ai_agents/bybit_thought_gate/bybit_thought_gate_decision_builder.py	python3 program_code/ai_agents/bybit_thought_gate/bybit_thought_gate_decision_builder.py	utility CLI	unknown_until_review	__main__	
python_cli	program_code/ai_agents/bybit_thought_gate/bybit_thought_gate_decision_contract_check.py	python3 program_code/ai_agents/bybit_thought_gate/bybit_thought_gate_decision_contract_check.py	contract/audit CLI	validation_or_readonly	__main__	
python_cli	program_code/ai_agents/bybit_thought_gate/bybit_thought_gate_final_audit.py	python3 program_code/ai_agents/bybit_thought_gate/bybit_thought_gate_final_audit.py	contract/audit CLI	validation_or_readonly	__main__	
python_cli	program_code/ai_agents/bybit_thought_gate/bybit_thought_gate_handoff.py	python3 program_code/ai_agents/bybit_thought_gate/bybit_thought_gate_handoff.py	utility CLI	unknown_until_review	__main__	
python_cli	program_code/ai_agents/bybit_thought_gate/bybit_thought_gate_input_builder.py	python3 program_code/ai_agents/bybit_thought_gate/bybit_thought_gate_input_builder.py	utility CLI	unknown_until_review	__main__	
python_cli	program_code/ai_agents/bybit_thought_gate/bybit_thought_gate_input_contract_check.py	python3 program_code/ai_agents/bybit_thought_gate/bybit_thought_gate_input_contract_check.py	contract/audit CLI	validation_or_readonly	__main__	
python_cli	program_code/ai_agents/bybit_thought_gate/bybit_thought_gate_policy_builder.py	python3 program_code/ai_agents/bybit_thought_gate/bybit_thought_gate_policy_builder.py	utility CLI	unknown_until_review	__main__	
python_cli	program_code/ai_agents/bybit_thought_gate/bybit_thought_gate_policy_contract_check.py	python3 program_code/ai_agents/bybit_thought_gate/bybit_thought_gate_policy_contract_check.py	contract/audit CLI	validation_or_readonly	__main__	
python_cli	program_code/ai_agents/bybit_thought_gate/bybit_thought_gate_regression_summary.py	python3 program_code/ai_agents/bybit_thought_gate/bybit_thought_gate_regression_summary.py	contract/audit CLI	validation_or_readonly	__main__	
python_cli	program_code/audit/counterfactual_exit_audit.py	python3 program_code/audit/counterfactual_exit_audit.py	data writer CLI	db_mutating	__main__	
python_cli	program_code/exchange_connectors/bybit_connector/control_api_v1/scripts/auto_bridge_observer_to_runtime_snapshot.py	python3 program_code/exchange_connectors/bybit_connector/control_api_v1/scripts/auto_bridge_observer_to_runtime_snapshot.py	observer/read-only CLI	readonly_external_api	__main__	
python_cli	program_code/exchange_connectors/bybit_connector/control_api_v1/scripts/generate_runtime_snapshot.py	python3 program_code/exchange_connectors/bybit_connector/control_api_v1/scripts/generate_runtime_snapshot.py	utility CLI	unknown_until_review	__main__	
python_cli	program_code/exchange_connectors/bybit_connector/control_api_v1/scripts/generate_runtime_snapshot_from_directory.py	python3 program_code/exchange_connectors/bybit_connector/control_api_v1/scripts/generate_runtime_snapshot_from_directory.py	utility CLI	unknown_until_review	__main__	
python_cli	program_code/exchange_connectors/bybit_connector/control_api_v1/scripts/validate_runtime_snapshot.py	python3 program_code/exchange_connectors/bybit_connector/control_api_v1/scripts/validate_runtime_snapshot.py	utility CLI	unknown_until_review	__main__	
python_cli	program_code/exchange_connectors/bybit_connector/io_and_persistence/bybit_decision_packet_to_postgres.py	python3 program_code/exchange_connectors/bybit_connector/io_and_persistence/bybit_decision_packet_to_postgres.py	data writer CLI	db_mutating	__main__	
python_cli	program_code/exchange_connectors/bybit_connector/io_and_persistence/bybit_load_ws_jsonl_to_postgres.py	python3 program_code/exchange_connectors/bybit_connector/io_and_persistence/bybit_load_ws_jsonl_to_postgres.py	data writer CLI	db_mutating	__main__	
python_cli	program_code/exchange_connectors/bybit_connector/io_and_persistence/bybit_normalize_latest_snapshot_to_postgres.py	python3 program_code/exchange_connectors/bybit_connector/io_and_persistence/bybit_normalize_latest_snapshot_to_postgres.py	data writer CLI	db_mutating	__main__	
python_cli	program_code/exchange_connectors/bybit_connector/io_and_persistence/bybit_private_account_check.py	python3 program_code/exchange_connectors/bybit_connector/io_and_persistence/bybit_private_account_check.py	exchange/private check CLI	external_api_sensitive	__main__	
python_cli	program_code/exchange_connectors/bybit_connector/io_and_persistence/bybit_private_execution_history_check.py	python3 program_code/exchange_connectors/bybit_connector/io_and_persistence/bybit_private_execution_history_check.py	exchange/private check CLI	external_api_sensitive	__main__	
python_cli	program_code/exchange_connectors/bybit_connector/io_and_persistence/bybit_private_order_history_check.py	python3 program_code/exchange_connectors/bybit_connector/io_and_persistence/bybit_private_order_history_check.py	exchange/private check CLI	external_api_sensitive	__main__	
python_cli	program_code/exchange_connectors/bybit_connector/io_and_persistence/bybit_private_positions_check.py	python3 program_code/exchange_connectors/bybit_connector/io_and_persistence/bybit_private_positions_check.py	exchange/private check CLI	external_api_sensitive	__main__	
python_cli	program_code/exchange_connectors/bybit_connector/io_and_persistence/bybit_private_readonly_precheck.py	python3 program_code/exchange_connectors/bybit_connector/io_and_persistence/bybit_private_readonly_precheck.py	exchange/private check CLI	external_api_sensitive	__main__	
python_cli	program_code/exchange_connectors/bybit_connector/io_and_persistence/bybit_private_rest_preflight_guard.py	python3 program_code/exchange_connectors/bybit_connector/io_and_persistence/bybit_private_rest_preflight_guard.py	exchange/private check CLI	external_api_sensitive	__main__	
python_cli	program_code/exchange_connectors/bybit_connector/io_and_persistence/bybit_public_connectivity_check.py	python3 program_code/exchange_connectors/bybit_connector/io_and_persistence/bybit_public_connectivity_check.py	observer/read-only CLI	readonly_external_api	__main__	
python_cli	program_code/exchange_connectors/bybit_connector/io_and_persistence/bybit_public_connectivity_status_writer.py	python3 program_code/exchange_connectors/bybit_connector/io_and_persistence/bybit_public_connectivity_status_writer.py	data writer CLI	db_mutating	__main__	
python_cli	program_code/exchange_connectors/bybit_connector/io_and_persistence/bybit_public_microstructure_builder.py	python3 program_code/exchange_connectors/bybit_connector/io_and_persistence/bybit_public_microstructure_builder.py	utility CLI	unknown_until_review	__main__	
python_cli	program_code/exchange_connectors/bybit_connector/io_and_persistence/bybit_public_microstructure_contract_check.py	python3 program_code/exchange_connectors/bybit_connector/io_and_persistence/bybit_public_microstructure_contract_check.py	contract/audit CLI	validation_or_readonly	__main__	
python_cli	program_code/exchange_connectors/bybit_connector/io_and_persistence/bybit_snapshot_to_postgres.py	python3 program_code/exchange_connectors/bybit_connector/io_and_persistence/bybit_snapshot_to_postgres.py	data writer CLI	db_mutating	__main__	
python_cli	program_code/exchange_connectors/bybit_connector/misc_tools/bybit_decision_packet_pipeline.py	python3 program_code/exchange_connectors/bybit_connector/misc_tools/bybit_decision_packet_pipeline.py	utility CLI	unknown_until_review	__main__	
python_cli	program_code/exchange_connectors/bybit_connector/misc_tools/bybit_demo_paper_adapter_capability_builder.py	python3 program_code/exchange_connectors/bybit_connector/misc_tools/bybit_demo_paper_adapter_capability_builder.py	utility CLI	unknown_until_review	__main__	
python_cli	program_code/exchange_connectors/bybit_connector/misc_tools/bybit_demo_paper_adapter_capability_contract_check.py	python3 program_code/exchange_connectors/bybit_connector/misc_tools/bybit_demo_paper_adapter_capability_contract_check.py	contract/audit CLI	validation_or_readonly	__main__	
python_cli	program_code/exchange_connectors/bybit_connector/misc_tools/bybit_demo_paper_adapter_skeleton_builder.py	python3 program_code/exchange_connectors/bybit_connector/misc_tools/bybit_demo_paper_adapter_skeleton_builder.py	utility CLI	unknown_until_review	__main__	
python_cli	program_code/exchange_connectors/bybit_connector/misc_tools/bybit_demo_paper_adapter_skeleton_contract_check.py	python3 program_code/exchange_connectors/bybit_connector/misc_tools/bybit_demo_paper_adapter_skeleton_contract_check.py	contract/audit CLI	validation_or_readonly	__main__	
python_cli	program_code/exchange_connectors/bybit_connector/misc_tools/bybit_demo_paper_adapter_transition_intent_builder.py	python3 program_code/exchange_connectors/bybit_connector/misc_tools/bybit_demo_paper_adapter_transition_intent_builder.py	utility CLI	unknown_until_review	__main__	
python_cli	program_code/exchange_connectors/bybit_connector/misc_tools/bybit_demo_paper_adapter_transition_intent_contract_check.py	python3 program_code/exchange_connectors/bybit_connector/misc_tools/bybit_demo_paper_adapter_transition_intent_contract_check.py	contract/audit CLI	validation_or_readonly	__main__	
python_cli	program_code/exchange_connectors/bybit_connector/misc_tools/bybit_explicit_operator_enable_switch_capability_builder.py	python3 program_code/exchange_connectors/bybit_connector/misc_tools/bybit_explicit_operator_enable_switch_capability_builder.py	utility CLI	unknown_until_review	__main__	
python_cli	program_code/exchange_connectors/bybit_connector/misc_tools/bybit_explicit_operator_enable_switch_capability_contract_check.py	python3 program_code/exchange_connectors/bybit_connector/misc_tools/bybit_explicit_operator_enable_switch_capability_contract_check.py	contract/audit CLI	validation_or_readonly	__main__	
python_cli	program_code/exchange_connectors/bybit_connector/misc_tools/bybit_paper_audit_trail_capability_builder.py	python3 program_code/exchange_connectors/bybit_connector/misc_tools/bybit_paper_audit_trail_capability_builder.py	utility CLI	unknown_until_review	__main__	
python_cli	program_code/exchange_connectors/bybit_connector/misc_tools/bybit_paper_audit_trail_capability_contract_check.py	python3 program_code/exchange_connectors/bybit_connector/misc_tools/bybit_paper_audit_trail_capability_contract_check.py	contract/audit CLI	validation_or_readonly	__main__	
python_cli	program_code/exchange_connectors/bybit_connector/misc_tools/bybit_revision2_master_regression_check.py	python3 program_code/exchange_connectors/bybit_connector/misc_tools/bybit_revision2_master_regression_check.py	contract/audit CLI	validation_or_readonly	__main__	
python_cli	program_code/exchange_connectors/bybit_connector/misc_tools/bybit_revision2_master_regression_contract_check.py	python3 program_code/exchange_connectors/bybit_connector/misc_tools/bybit_revision2_master_regression_contract_check.py	contract/audit CLI	validation_or_readonly	__main__	
python_cli	program_code/exchange_connectors/bybit_connector/readonly_observer_pipeline/bybit_build_decision_packet.py	python3 program_code/exchange_connectors/bybit_connector/readonly_observer_pipeline/bybit_build_decision_packet.py	data writer CLI	db_mutating	__main__	
python_cli	program_code/exchange_connectors/bybit_connector/readonly_observer_pipeline/bybit_build_observer_verdict.py	python3 program_code/exchange_connectors/bybit_connector/readonly_observer_pipeline/bybit_build_observer_verdict.py	data writer CLI	db_mutating	__main__	
python_cli	program_code/exchange_connectors/bybit_connector/readonly_observer_pipeline/bybit_build_system_snapshot.py	python3 program_code/exchange_connectors/bybit_connector/readonly_observer_pipeline/bybit_build_system_snapshot.py	observer/read-only CLI	readonly_external_api	__main__	
python_cli	program_code/exchange_connectors/bybit_connector/readonly_observer_pipeline/bybit_build_ws_runtime_facts.py	python3 program_code/exchange_connectors/bybit_connector/readonly_observer_pipeline/bybit_build_ws_runtime_facts.py	observer/read-only CLI	readonly_external_api	__main__	
python_cli	program_code/exchange_connectors/bybit_connector/readonly_observer_pipeline/bybit_failure_policy_builder.py	python3 program_code/exchange_connectors/bybit_connector/readonly_observer_pipeline/bybit_failure_policy_builder.py	data writer CLI	db_mutating	__main__	
python_cli	program_code/exchange_connectors/bybit_connector/readonly_observer_pipeline/bybit_full_readonly_observer_cycle.py	python3 program_code/exchange_connectors/bybit_connector/readonly_observer_pipeline/bybit_full_readonly_observer_cycle.py	observer/read-only CLI	readonly_external_api	__main__	
python_cli	program_code/exchange_connectors/bybit_connector/readonly_observer_pipeline/bybit_latest_consistency_check.py	python3 program_code/exchange_connectors/bybit_connector/readonly_observer_pipeline/bybit_latest_consistency_check.py	observer/read-only CLI	readonly_external_api	__main__	
python_cli	program_code/exchange_connectors/bybit_connector/readonly_observer_pipeline/bybit_next_phase_handoff.py	python3 program_code/exchange_connectors/bybit_connector/readonly_observer_pipeline/bybit_next_phase_handoff.py	data writer CLI	db_mutating	__main__	
python_cli	program_code/exchange_connectors/bybit_connector/readonly_observer_pipeline/bybit_observer_acceptance_check.py	python3 program_code/exchange_connectors/bybit_connector/readonly_observer_pipeline/bybit_observer_acceptance_check.py	contract/audit CLI	validation_or_readonly	__main__	
python_cli	program_code/exchange_connectors/bybit_connector/readonly_observer_pipeline/bybit_observer_pipeline.py	python3 program_code/exchange_connectors/bybit_connector/readonly_observer_pipeline/bybit_observer_pipeline.py	data writer CLI	db_mutating	__main__	
python_cli	program_code/exchange_connectors/bybit_connector/readonly_observer_pipeline/bybit_observer_verdict_to_postgres.py	python3 program_code/exchange_connectors/bybit_connector/readonly_observer_pipeline/bybit_observer_verdict_to_postgres.py	data writer CLI	db_mutating	__main__	
python_cli	program_code/exchange_connectors/bybit_connector/readonly_observer_pipeline/bybit_readonly_audit.py	python3 program_code/exchange_connectors/bybit_connector/readonly_observer_pipeline/bybit_readonly_audit.py	data writer CLI	db_mutating	__main__	
python_cli	program_code/exchange_connectors/bybit_connector/readonly_observer_pipeline/bybit_readonly_final_summary.py	python3 program_code/exchange_connectors/bybit_connector/readonly_observer_pipeline/bybit_readonly_final_summary.py	observer/read-only CLI	readonly_external_api	__main__	
python_cli	program_code/exchange_connectors/bybit_connector/readonly_observer_pipeline/bybit_readonly_preflight.py	python3 program_code/exchange_connectors/bybit_connector/readonly_observer_pipeline/bybit_readonly_preflight.py	observer/read-only CLI	readonly_external_api	__main__	
python_cli	program_code/exchange_connectors/bybit_connector/readonly_observer_pipeline/bybit_readonly_status_writer.py	python3 program_code/exchange_connectors/bybit_connector/readonly_observer_pipeline/bybit_readonly_status_writer.py	data writer CLI	db_mutating	__main__	
python_cli	program_code/exchange_connectors/bybit_connector/readonly_observer_pipeline/bybit_runtime_state_resolver.py	python3 program_code/exchange_connectors/bybit_connector/readonly_observer_pipeline/bybit_runtime_state_resolver.py	observer/read-only CLI	readonly_external_api	__main__	
python_cli	program_code/exchange_connectors/bybit_connector/readonly_observer_pipeline/run_bybit_observer_cycle.py	python3 program_code/exchange_connectors/bybit_connector/readonly_observer_pipeline/run_bybit_observer_cycle.py	observer/read-only CLI	readonly_external_api	__main__	
python_cli	program_code/market_data_processor/bybit_business_events/bybit_business_event_acceptance_contract_check.py	python3 program_code/market_data_processor/bybit_business_events/bybit_business_event_acceptance_contract_check.py	contract/audit CLI	validation_or_readonly	__main__	
python_cli	program_code/market_data_processor/bybit_business_events/bybit_business_event_acceptance_suite.py	python3 program_code/market_data_processor/bybit_business_events/bybit_business_event_acceptance_suite.py	contract/audit CLI	validation_or_readonly	__main__	
python_cli	program_code/market_data_processor/bybit_business_events/bybit_business_event_contract_check.py	python3 program_code/market_data_processor/bybit_business_events/bybit_business_event_contract_check.py	contract/audit CLI	validation_or_readonly	__main__	
python_cli	program_code/market_data_processor/bybit_business_events/bybit_business_event_extract_from_ws_jsonl.py	python3 program_code/market_data_processor/bybit_business_events/bybit_business_event_extract_from_ws_jsonl.py	utility CLI	unknown_until_review	__main__	
python_cli	program_code/market_data_processor/bybit_business_events/bybit_business_event_final_audit.py	python3 program_code/market_data_processor/bybit_business_events/bybit_business_event_final_audit.py	contract/audit CLI	validation_or_readonly	__main__	
python_cli	program_code/market_data_processor/bybit_business_events/bybit_business_event_final_audit_contract_check.py	python3 program_code/market_data_processor/bybit_business_events/bybit_business_event_final_audit_contract_check.py	contract/audit CLI	validation_or_readonly	__main__	
python_cli	program_code/market_data_processor/bybit_business_events/bybit_business_event_fixture_generator.py	python3 program_code/market_data_processor/bybit_business_events/bybit_business_event_fixture_generator.py	utility CLI	unknown_until_review	__main__	
python_cli	program_code/market_data_processor/bybit_business_events/bybit_business_event_fixture_pack_builder.py	python3 program_code/market_data_processor/bybit_business_events/bybit_business_event_fixture_pack_builder.py	data writer CLI	db_mutating	__main__	
python_cli	program_code/market_data_processor/bybit_business_events/bybit_business_event_fixture_pack_contract_check.py	python3 program_code/market_data_processor/bybit_business_events/bybit_business_event_fixture_pack_contract_check.py	contract/audit CLI	validation_or_readonly	__main__	
python_cli	program_code/market_data_processor/bybit_business_events/bybit_business_event_ingestion_from_ws.py	python3 program_code/market_data_processor/bybit_business_events/bybit_business_event_ingestion_from_ws.py	utility CLI	unknown_until_review	__main__	
python_cli	program_code/market_data_processor/bybit_business_events/bybit_business_event_ingestion_smoke.py	python3 program_code/market_data_processor/bybit_business_events/bybit_business_event_ingestion_smoke.py	utility CLI	unknown_until_review	__main__	
python_cli	program_code/market_data_processor/bybit_business_events/bybit_business_event_negative_fixture_pack_builder.py	python3 program_code/market_data_processor/bybit_business_events/bybit_business_event_negative_fixture_pack_builder.py	utility CLI	unknown_until_review	__main__	
python_cli	program_code/market_data_processor/bybit_business_events/bybit_business_event_negative_fixture_pack_contract_check.py	python3 program_code/market_data_processor/bybit_business_events/bybit_business_event_negative_fixture_pack_contract_check.py	contract/audit CLI	validation_or_readonly	__main__	
python_cli	program_code/market_data_processor/bybit_business_events/bybit_business_event_negative_replay_contract_check.py	python3 program_code/market_data_processor/bybit_business_events/bybit_business_event_negative_replay_contract_check.py	contract/audit CLI	validation_or_readonly	__main__	
python_cli	program_code/market_data_processor/bybit_business_events/bybit_business_event_negative_replay_harness.py	python3 program_code/market_data_processor/bybit_business_events/bybit_business_event_negative_replay_harness.py	utility CLI	unknown_until_review	__main__	
python_cli	program_code/market_data_processor/bybit_business_events/bybit_business_event_normalizer.py	python3 program_code/market_data_processor/bybit_business_events/bybit_business_event_normalizer.py	utility CLI	unknown_until_review	__main__	
python_cli	program_code/market_data_processor/bybit_business_events/bybit_business_event_regression_contract_check.py	python3 program_code/market_data_processor/bybit_business_events/bybit_business_event_regression_contract_check.py	contract/audit CLI	validation_or_readonly	__main__	
python_cli	program_code/market_data_processor/bybit_business_events/bybit_business_event_regression_summary.py	python3 program_code/market_data_processor/bybit_business_events/bybit_business_event_regression_summary.py	contract/audit CLI	validation_or_readonly	__main__	
python_cli	program_code/market_data_processor/bybit_business_events/bybit_business_event_replay_contract_check.py	python3 program_code/market_data_processor/bybit_business_events/bybit_business_event_replay_contract_check.py	contract/audit CLI	validation_or_readonly	__main__	
python_cli	program_code/market_data_processor/bybit_business_events/bybit_business_event_replay_harness.py	python3 program_code/market_data_processor/bybit_business_events/bybit_business_event_replay_harness.py	utility CLI	unknown_until_review	__main__	
python_cli	program_code/market_data_processor/bybit_business_events/bybit_business_event_runtime_contract_check.py	python3 program_code/market_data_processor/bybit_business_events/bybit_business_event_runtime_contract_check.py	contract/audit CLI	validation_or_readonly	__main__	
python_cli	program_code/market_data_processor/bybit_business_events/bybit_business_event_runtime_facts.py	python3 program_code/market_data_processor/bybit_business_events/bybit_business_event_runtime_facts.py	utility CLI	unknown_until_review	__main__	
python_cli	program_code/market_data_processor/bybit_business_events/bybit_business_event_state_contract_check.py	python3 program_code/market_data_processor/bybit_business_events/bybit_business_event_state_contract_check.py	contract/audit CLI	validation_or_readonly	__main__	
python_cli	program_code/market_data_processor/bybit_business_events/bybit_business_event_state_resolver.py	python3 program_code/market_data_processor/bybit_business_events/bybit_business_event_state_resolver.py	utility CLI	unknown_until_review	__main__	
python_cli	program_code/market_data_processor/bybit_business_events/bybit_business_event_validation_handoff.py	python3 program_code/market_data_processor/bybit_business_events/bybit_business_event_validation_handoff.py	utility CLI	unknown_until_review	__main__	
python_cli	program_code/market_data_processor/bybit_business_events/bybit_business_event_validation_handoff_contract_check.py	python3 program_code/market_data_processor/bybit_business_events/bybit_business_event_validation_handoff_contract_check.py	contract/audit CLI	validation_or_readonly	__main__	
python_cli	program_code/ml_training/edge_cluster_analysis.py	python3 program_code/ml_training/edge_cluster_analysis.py	data writer CLI	db_mutating	__main__	
python_cli	program_code/ml_training/edge_label_backfill.py	python3 program_code/ml_training/edge_label_backfill.py	data writer CLI	db_mutating	__main__	
python_cli	program_code/ml_training/james_stein_estimator.py	python3 program_code/ml_training/james_stein_estimator.py	data writer CLI	db_mutating	__main__	
python_cli	program_code/ml_training/realized_edge_stats.py	python3 program_code/ml_training/realized_edge_stats.py	ML/training CLI	db_or_model_artifact_mutating	__main__	
python_cli	program_code/ml_training/run_training_pipeline.py	python3 program_code/ml_training/run_training_pipeline.py	ML/training CLI	db_or_model_artifact_mutating	__main__	
rust_binary	rust/openclaw_engine/src/main.rs	cargo run --release -p openclaw_engine / rust/target/release/openclaw-engine	Rust trading engine	service_mutating	rust/openclaw_engine/Cargo.toml [[bin]] name=openclaw-engine	IPC, WS, pipelines, paper/demo/live modes
shell_script	helper_scripts/canary/rollback_drill.sh	bash helper_scripts/canary/rollback_drill.sh	operator shell script	unknown_until_review	shell entry point	
shell_script	helper_scripts/clean_restart.sh	bash helper_scripts/clean_restart.sh	destructive reset script	state_mutating_or_live_capable	kills services, may flatten exchange state, truncates DB	
shell_script	helper_scripts/cron_daily_report.sh	bash helper_scripts/cron_daily_report.sh	cron wrapper	scheduled_state_or_db_touch	crontab documented	
shell_script	helper_scripts/cron_observer_cycle.sh	bash helper_scripts/cron_observer_cycle.sh	cron wrapper	scheduled_state_or_db_touch	crontab documented	
shell_script	helper_scripts/db/cleanup_v026_partial_state.sh	bash helper_scripts/db/cleanup_v026_partial_state.sh	operator shell script	unknown_until_review	shell entry point	
shell_script	helper_scripts/db/counterfactual_daily_cron.sh	bash helper_scripts/db/counterfactual_daily_cron.sh	cron wrapper	scheduled_state_or_db_touch	crontab documented	
shell_script	helper_scripts/db/deploy_V017.sh	bash helper_scripts/db/deploy_V017.sh	database deployment script	db_schema_mutating	psql/migration wrapper	
shell_script	helper_scripts/db/deploy_V018.sh	bash helper_scripts/db/deploy_V018.sh	database deployment script	db_schema_mutating	psql/migration wrapper	
shell_script	helper_scripts/db/passive_wait_healthcheck.sh	bash helper_scripts/db/passive_wait_healthcheck.sh	operator shell script	unknown_until_review	shell entry point	
shell_script	helper_scripts/db/passive_wait_healthcheck_cron.sh	bash helper_scripts/db/passive_wait_healthcheck_cron.sh	cron wrapper	scheduled_state_or_db_touch	crontab documented	
shell_script	helper_scripts/fresh_start.sh	bash helper_scripts/fresh_start.sh	destructive reset script	state_mutating_or_live_capable	kills services, may flatten exchange state, truncates DB	
shell_script	helper_scripts/linux_bootstrap_db.sh	bash helper_scripts/linux_bootstrap_db.sh	database deployment script	db_schema_mutating	psql/migration wrapper	
shell_script	helper_scripts/mac_bootstrap.sh	bash helper_scripts/mac_bootstrap.sh	operator shell script	unknown_until_review	shell entry point	
shell_script	helper_scripts/mac_bootstrap_db.sh	bash helper_scripts/mac_bootstrap_db.sh	database deployment script	db_schema_mutating	psql/migration wrapper	
shell_script	helper_scripts/maintenance_scripts/bybit_connector/lib_trading_env.sh	bash helper_scripts/maintenance_scripts/bybit_connector/lib_trading_env.sh	operator shell script	unknown_until_review	shell entry point	
shell_script	helper_scripts/maintenance_scripts/bybit_connector/run_i10_canonical_decision_lease_recheck.sh	bash helper_scripts/maintenance_scripts/bybit_connector/run_i10_canonical_decision_lease_recheck.sh	operator shell script	unknown_until_review	shell entry point	
shell_script	helper_scripts/maintenance_scripts/bybit_connector/run_i10_canonical_h_chain_recheck.sh	bash helper_scripts/maintenance_scripts/bybit_connector/run_i10_canonical_h_chain_recheck.sh	operator shell script	unknown_until_review	shell entry point	
shell_script	helper_scripts/maintenance_scripts/bybit_connector/run_with_trading_env.sh	bash helper_scripts/maintenance_scripts/bybit_connector/run_with_trading_env.sh	operator shell script	unknown_until_review	shell entry point	
shell_script	helper_scripts/maintenance_scripts/prune_dated_files.sh	bash helper_scripts/maintenance_scripts/prune_dated_files.sh	operator shell script	unknown_until_review	shell entry point	
shell_script	helper_scripts/operator/edge_p2_flip.sh	bash helper_scripts/operator/edge_p2_flip.sh	operator IPC script	trading_config_mutating	sends IPC/config commands	
shell_script	helper_scripts/operator/edge_p2_revert.sh	bash helper_scripts/operator/edge_p2_revert.sh	operator IPC script	trading_config_mutating	sends IPC/config commands	
shell_script	helper_scripts/operator/g2_03_bind_ma_sltp.sh	bash helper_scripts/operator/g2_03_bind_ma_sltp.sh	operator IPC script	trading_config_mutating	sends IPC/config commands	
shell_script	helper_scripts/restart_all.sh	bash helper_scripts/restart_all.sh	service supervisor script	service_mutating	starts/stops engine and API	
shell_script	helper_scripts/start_paper_trading.sh	bash helper_scripts/start_paper_trading.sh	paper trading activator	trading_state_mutating	POSTs paper session/feed/strategy endpoints	
shell_script	helper_scripts/stop_all.sh	bash helper_scripts/stop_all.sh	service supervisor script	service_mutating	stops engine/API, writes maintenance flag	
shell_script	helper_scripts/v2_swap_24h_observation.sh	bash helper_scripts/v2_swap_24h_observation.sh	monitoring wrapper	readonly_or_observer	periodic health/observation	
shell_script	program_code/exchange_connectors/bybit_connector/control_api_v1/scripts/beta_quickstart.sh	bash program_code/exchange_connectors/bybit_connector/control_api_v1/scripts/beta_quickstart.sh	operator shell script	unknown_until_review	shell entry point	
shell_script	program_code/exchange_connectors/bybit_connector/control_api_v1/start_local.sh	bash program_code/exchange_connectors/bybit_connector/control_api_v1/start_local.sh	operator shell script	unknown_until_review	shell entry point	
shell_script	program_code/exchange_connectors/bybit_connector/misc_tools/bybit_bind_active_route_env.sh	bash program_code/exchange_connectors/bybit_connector/misc_tools/bybit_bind_active_route_env.sh	operator shell script	unknown_until_review	shell entry point	
shell_script	program_code/exchange_connectors/bybit_connector/readonly_observer_pipeline/bybit_readonly_loop_writer.sh	bash program_code/exchange_connectors/bybit_connector/readonly_observer_pipeline/bybit_readonly_loop_writer.sh	operator shell script	unknown_until_review	shell entry point	
shell_script	program_code/exchange_connectors/bybit_connector/scripts/bybit_bind_active_route_env.sh	bash program_code/exchange_connectors/bybit_connector/scripts/bybit_bind_active_route_env.sh	operator shell script	unknown_until_review	shell entry point	
shell_script	program_code/exchange_connectors/bybit_connector/scripts/bybit_readonly_loop_writer.sh	bash program_code/exchange_connectors/bybit_connector/scripts/bybit_readonly_loop_writer.sh	operator shell script	unknown_until_review	shell entry point	
shell_script	program_code/exchange_connectors/bybit_connector/scripts/lib_trading_env.sh	bash program_code/exchange_connectors/bybit_connector/scripts/lib_trading_env.sh	operator shell script	unknown_until_review	shell entry point	
shell_script	program_code/exchange_connectors/bybit_connector/scripts/run_with_trading_env.sh	bash program_code/exchange_connectors/bybit_connector/scripts/run_with_trading_env.sh	operator shell script	unknown_until_review	shell entry point	
