path	tracked	worktree_status	review_scope	category	risk_bucket	classification_reason	extension	size_bytes
.codex/archive/README.md	yes	clean	excluded	excluded	excluded	archived_agent_artifact	.md	162
backups/trading_ai_pre_phase0a_20260404_180411.dump	yes	clean	excluded	excluded	excluded	backup_or_binary_archive	.dump	189809
docker/docker-compose.test.yml	yes	clean	excluded	excluded	excluded	test_or_test_support	.yml	902
docs/archive/2026-04-01--completed_todo_archive_wave0_7_phase1_3.md	yes	clean	excluded	excluded	excluded	archived_documentation	.md	2941
docs/archive/2026-04-03--completed_todo_archive_batch9a_wave8_xp.md	yes	clean	excluded	excluded	excluded	archived_documentation	.md	2632
docs/archive/2026-04-03--data_storage_architecture_optimal_draft_v0.1.md	yes	clean	excluded	excluded	excluded	archived_documentation	.md	24818
docs/archive/2026-04-03--rust_migration_master_plan_v2.md	yes	clean	excluded	excluded	excluded	archived_documentation	.md	26612
docs/archive/2026-04-03--rust_migration_v2.5_consolidated.md	yes	clean	excluded	excluded	excluded	archived_documentation	.md	15879
docs/archive/2026-04-03--system_snapshot_external_analysis.md	yes	clean	excluded	excluded	excluded	archived_documentation	.md	40306
docs/archive/2026-04-04--completed_todo_archive_phase0123_rust.md	yes	clean	excluded	excluded	excluded	archived_documentation	.md	2078
docs/archive/2026-04-06--completed_todo_archive_l3_phases.md	yes	clean	excluded	excluded	excluded	archived_documentation	.md	9488
docs/archive/2026-04-07--claude_md_section3_history_phase0_4.md	yes	clean	excluded	excluded	excluded	archived_documentation	.md	14822
docs/archive/2026-04-08--arch_rc1_1c_history_archive.md	yes	clean	excluded	excluded	excluded	archived_documentation	.md	11182
docs/archive/2026-04-08--main_docs_1c3_1c4_narrative.md	yes	clean	excluded	excluded	excluded	archived_documentation	.md	8041
docs/archive/2026-04-09--scanner_todo_phase_a_d_spec.md	yes	clean	excluded	excluded	excluded	archived_documentation	.md	21503
docs/archive/2026-04-10--completed_todo_live_gui_dead_py.md	yes	clean	excluded	excluded	excluded	archived_documentation	.md	4452
docs/archive/2026-04-11--completed_todo_3e_arch.md	yes	clean	excluded	excluded	excluded	archived_documentation	.md	9134
docs/archive/2026-04-11--completed_todo_w19_w20_phase6.md	yes	clean	excluded	excluded	excluded	archived_documentation	.md	8422
docs/archive/2026-04-12--changelog_archive_pre_0408.md	yes	clean	excluded	excluded	excluded	archived_documentation	.md	79320
docs/archive/2026-04-12--completed_todo_full_program_audit.md	yes	clean	excluded	excluded	excluded	archived_documentation	.md	4790
docs/archive/2026-04-13--changelog_archive_0408_0409.md	yes	clean	excluded	excluded	excluded	archived_documentation	.md	32150
docs/archive/2026-04-14--completed_todo_w22_phantom_heal.md	yes	clean	excluded	excluded	excluded	archived_documentation	.md	14600
docs/archive/2026-04-15--claude_md_section3_snapshot.md	yes	clean	excluded	excluded	excluded	archived_documentation	.md	18076
docs/archive/2026-04-15--completed_todo_w22_engine_heal_edge_p3.md	yes	clean	excluded	excluded	excluded	archived_documentation	.md	12901
docs/archive/2026-04-15--phase5_promotion_edge_crisis_full.md	yes	clean	excluded	excluded	excluded	archived_documentation	.md	6727
docs/archive/2026-04-16--completed_todo_strategy_close_tag_edge_p3_dedup.md	yes	clean	excluded	excluded	excluded	archived_documentation	.md	12110
docs/archive/2026-04-17--completed_todo_p0_scanner_phantom_live_guard.md	yes	clean	excluded	excluded	excluded	archived_documentation	.md	14619
docs/archive/2026-04-20--claude_md_section3_snapshot.md	yes	clean	excluded	excluded	excluded	archived_documentation	.md	3973
docs/archive/2026-04-20--completed_todo_batch.md	yes	clean	excluded	excluded	excluded	archived_documentation	.md	26065
docs/archive/2026-04-21--claude_md_section3_snapshot.md	yes	clean	excluded	excluded	excluded	archived_documentation	.md	10700
docs/archive/2026-04-21--completed_todo_batch.md	yes	clean	excluded	excluded	excluded	archived_documentation	.md	12108
docs/archive/2026-04-22--step_0_derived_todo_batch.md	yes	clean	excluded	excluded	excluded	archived_documentation	.md	5717
docs/archive/2026-04-24--completed_todo_batch.md	yes	clean	excluded	excluded	excluded	archived_documentation	.md	11514
docs/archive/2026-04-24--todo_snapshot_pre_refactor.md	yes	clean	excluded	excluded	excluded	archived_documentation	.md	90631
docs/archive/2026-04-24--todo_v1_refactor_snapshot.md	yes	clean	excluded	excluded	excluded	archived_documentation	.md	19754
docs/archive/2026-04-24--todo_v2_dual_axis_snapshot.md	yes	clean	excluded	excluded	excluded	archived_documentation	.md	24644
docs/governance_dev/phase2_execution/TEST_FIXTURE_OVERVIEW.md	yes	clean	excluded	excluded	excluded	test_or_test_support	.md	4276
docs/governance_dev/phase4_acceptance/TEST_REPORT_GOVERNANCE_E4.md	yes	clean	excluded	excluded	excluded	test_or_test_support	.md	8926
helper_scripts/canary/test_canary.py	yes	clean	excluded	excluded	excluded	test_or_test_support	.py	29472
helper_scripts/db/test_f7_new_healthchecks.py	yes	clean	excluded	excluded	excluded	test_or_test_support	.py	32622
helper_scripts/db/test_paper_state_dust_inventory.py	yes	clean	excluded	excluded	excluded	test_or_test_support	.py	10118
program_code/audit/tests/__init__.py	yes	clean	excluded	excluded	excluded	test_or_test_support	.py	57
program_code/audit/tests/test_counterfactual_exit_audit.py	yes	clean	excluded	excluded	excluded	test_or_test_support	.py	15899
program_code/exchange_connectors/bybit_connector/control_api_v1/tests/conftest.py	yes	clean	excluded	excluded	excluded	test_or_test_support	.py	20135
program_code/exchange_connectors/bybit_connector/control_api_v1/tests/fixtures/bybit_v5_responses/execution_list.json	yes	clean	excluded	excluded	excluded	test_or_test_support	.json	2615
program_code/exchange_connectors/bybit_connector/control_api_v1/tests/fixtures/bybit_v5_responses/instruments_info_linear.json	yes	clean	excluded	excluded	excluded	test_or_test_support	.json	3263
program_code/exchange_connectors/bybit_connector/control_api_v1/tests/fixtures/bybit_v5_responses/order_cancel_success.json	yes	clean	excluded	excluded	excluded	test_or_test_support	.json	184
program_code/exchange_connectors/bybit_connector/control_api_v1/tests/fixtures/bybit_v5_responses/order_create_success.json	yes	clean	excluded	excluded	excluded	test_or_test_support	.json	187
program_code/exchange_connectors/bybit_connector/control_api_v1/tests/fixtures/bybit_v5_responses/order_realtime.json	yes	clean	excluded	excluded	excluded	test_or_test_support	.json	2630
program_code/exchange_connectors/bybit_connector/control_api_v1/tests/fixtures/bybit_v5_responses/positions_list.json	yes	clean	excluded	excluded	excluded	test_or_test_support	.json	2241
program_code/exchange_connectors/bybit_connector/control_api_v1/tests/fixtures/bybit_v5_responses/wallet_balance.json	yes	clean	excluded	excluded	excluded	test_or_test_support	.json	1687
program_code/exchange_connectors/bybit_connector/control_api_v1/tests/fixtures/bybit_v5_responses/wallet_balance_error.json	yes	clean	excluded	excluded	excluded	test_or_test_support	.json	119
program_code/exchange_connectors/bybit_connector/control_api_v1/tests/fixtures/executor_parity_cases.yaml	yes	clean	excluded	excluded	excluded	test_or_test_support	.yaml	32533
program_code/exchange_connectors/bybit_connector/control_api_v1/tests/test_agent_audit_bridge.py	yes	clean	excluded	excluded	excluded	test_or_test_support	.py	12763
program_code/exchange_connectors/bybit_connector/control_api_v1/tests/test_ai_budget_routes.py	yes	clean	excluded	excluded	excluded	test_or_test_support	.py	7424
program_code/exchange_connectors/bybit_connector/control_api_v1/tests/test_analyst_agent_registry.py	yes	clean	excluded	excluded	excluded	test_or_test_support	.py	27376
program_code/exchange_connectors/bybit_connector/control_api_v1/tests/test_analyst_agent_unit.py	yes	clean	excluded	excluded	excluded	test_or_test_support	.py	16235
program_code/exchange_connectors/bybit_connector/control_api_v1/tests/test_api_compatibility.py	yes	clean	excluded	excluded	excluded	test_or_test_support	.py	12638
program_code/exchange_connectors/bybit_connector/control_api_v1/tests/test_api_contract.py	yes	clean	excluded	excluded	excluded	test_or_test_support	.py	10052
program_code/exchange_connectors/bybit_connector/control_api_v1/tests/test_audit_persistence.py	yes	clean	excluded	excluded	excluded	test_or_test_support	.py	18569
program_code/exchange_connectors/bybit_connector/control_api_v1/tests/test_authorization_state_machine.py	yes	clean	excluded	excluded	excluded	test_or_test_support	.py	43541
program_code/exchange_connectors/bybit_connector/control_api_v1/tests/test_auto_bridge.py	yes	clean	excluded	excluded	excluded	test_or_test_support	.py	19490
program_code/exchange_connectors/bybit_connector/control_api_v1/tests/test_backtest_routes.py	yes	clean	excluded	excluded	excluded	test_or_test_support	.py	24728
program_code/exchange_connectors/bybit_connector/control_api_v1/tests/test_batch11_executor_exchange.py	yes	clean	excluded	excluded	excluded	test_or_test_support	.py	20975
program_code/exchange_connectors/bybit_connector/control_api_v1/tests/test_batch7_conductor_strategist.py	yes	clean	excluded	excluded	excluded	test_or_test_support	.py	23892
program_code/exchange_connectors/bybit_connector/control_api_v1/tests/test_batch8_guardian_integration.py	yes	clean	excluded	excluded	excluded	test_or_test_support	.py	39619
program_code/exchange_connectors/bybit_connector/control_api_v1/tests/test_batch9_perception_analyst_integration.py	yes	clean	excluded	excluded	excluded	test_or_test_support	.py	33442
program_code/exchange_connectors/bybit_connector/control_api_v1/tests/test_bybit_demo_sync.py	yes	clean	excluded	excluded	excluded	test_or_test_support	.py	23678
program_code/exchange_connectors/bybit_connector/control_api_v1/tests/test_bybit_private_check_stub.py	yes	clean	excluded	excluded	excluded	test_or_test_support	.py	9478
program_code/exchange_connectors/bybit_connector/control_api_v1/tests/test_bybit_rest_client.py	yes	clean	excluded	excluded	excluded	test_or_test_support	.py	29999
program_code/exchange_connectors/bybit_connector/control_api_v1/tests/test_bybit_rest_client_parity.py	yes	clean	excluded	excluded	excluded	test_or_test_support	.py	24420
program_code/exchange_connectors/bybit_connector/control_api_v1/tests/test_change_audit_log.py	yes	clean	excluded	excluded	excluded	test_or_test_support	.py	39034
program_code/exchange_connectors/bybit_connector/control_api_v1/tests/test_cognitive_modulator_coverage.py	yes	clean	excluded	excluded	excluded	test_or_test_support	.py	32862
program_code/exchange_connectors/bybit_connector/control_api_v1/tests/test_data_source_enforcer.py	yes	clean	excluded	excluded	excluded	test_or_test_support	.py	34942
program_code/exchange_connectors/bybit_connector/control_api_v1/tests/test_decision_lease_state_machine.py	yes	clean	excluded	excluded	excluded	test_or_test_support	.py	26970
program_code/exchange_connectors/bybit_connector/control_api_v1/tests/test_earned_trust_engine.py	yes	clean	excluded	excluded	excluded	test_or_test_support	.py	38207
program_code/exchange_connectors/bybit_connector/control_api_v1/tests/test_edge_estimator_scheduler_leader_lock.py	yes	clean	excluded	excluded	excluded	test_or_test_support	.py	23502
program_code/exchange_connectors/bybit_connector/control_api_v1/tests/test_edge_estimator_scheduler_min_observation_ts.py	yes	clean	excluded	excluded	excluded	test_or_test_support	.py	3988
program_code/exchange_connectors/bybit_connector/control_api_v1/tests/test_edge_estimator_scheduler_observability.py	yes	clean	excluded	excluded	excluded	test_or_test_support	.py	13989
program_code/exchange_connectors/bybit_connector/control_api_v1/tests/test_engine_capabilities_routes.py	yes	clean	excluded	excluded	excluded	test_or_test_support	.py	10527
program_code/exchange_connectors/bybit_connector/control_api_v1/tests/test_evolution_engine.py	yes	clean	excluded	excluded	excluded	test_or_test_support	.py	30872
program_code/exchange_connectors/bybit_connector/control_api_v1/tests/test_evolution_routes.py	yes	clean	excluded	excluded	excluded	test_or_test_support	.py	22141
program_code/exchange_connectors/bybit_connector/control_api_v1/tests/test_evolution_scheduler.py	yes	clean	excluded	excluded	excluded	test_or_test_support	.py	16866
program_code/exchange_connectors/bybit_connector/control_api_v1/tests/test_executor_agent_unit.py	yes	clean	excluded	excluded	excluded	test_or_test_support	.py	18949
program_code/exchange_connectors/bybit_connector/control_api_v1/tests/test_executor_audit_wiring.py	yes	clean	excluded	excluded	excluded	test_or_test_support	.py	6972
program_code/exchange_connectors/bybit_connector/control_api_v1/tests/test_executor_config_cache.py	yes	clean	excluded	excluded	excluded	test_or_test_support	.py	10446
program_code/exchange_connectors/bybit_connector/control_api_v1/tests/test_executor_decision_parity.py	yes	clean	excluded	excluded	excluded	test_or_test_support	.py	24572
program_code/exchange_connectors/bybit_connector/control_api_v1/tests/test_executor_shadow_to_live_e2e.py	yes	clean	excluded	excluded	excluded	test_or_test_support	.py	23496
program_code/exchange_connectors/bybit_connector/control_api_v1/tests/test_executor_shadow_toggle_api.py	yes	clean	excluded	excluded	excluded	test_or_test_support	.py	27693
program_code/exchange_connectors/bybit_connector/control_api_v1/tests/test_experiment_ledger.py	yes	clean	excluded	excluded	excluded	test_or_test_support	.py	46739
program_code/exchange_connectors/bybit_connector/control_api_v1/tests/test_experiment_routes.py	yes	clean	excluded	excluded	excluded	test_or_test_support	.py	34934
program_code/exchange_connectors/bybit_connector/control_api_v1/tests/test_g8_01_fup_losses_wiring.py	yes	clean	excluded	excluded	excluded	test_or_test_support	.py	15291
program_code/exchange_connectors/bybit_connector/control_api_v1/tests/test_governance_events.py	yes	clean	excluded	excluded	excluded	test_or_test_support	.py	21297
program_code/exchange_connectors/bybit_connector/control_api_v1/tests/test_governance_hub.py	yes	clean	excluded	excluded	excluded	test_or_test_support	.py	62464
program_code/exchange_connectors/bybit_connector/control_api_v1/tests/test_governance_routes_auth.py	yes	clean	excluded	excluded	excluded	test_or_test_support	.py	11671
program_code/exchange_connectors/bybit_connector/control_api_v1/tests/test_governance_routes_coverage.py	yes	clean	excluded	excluded	excluded	test_or_test_support	.py	61837
program_code/exchange_connectors/bybit_connector/control_api_v1/tests/test_grafana_data_writer.py	yes	clean	excluded	excluded	excluded	test_or_test_support	.py	9810
program_code/exchange_connectors/bybit_connector/control_api_v1/tests/test_guardian_agent_unit.py	yes	clean	excluded	excluded	excluded	test_or_test_support	.py	25802
program_code/exchange_connectors/bybit_connector/control_api_v1/tests/test_guardian_audit_wiring.py	yes	clean	excluded	excluded	excluded	test_or_test_support	.py	9564
program_code/exchange_connectors/bybit_connector/control_api_v1/tests/test_h1_thought_gate.py	yes	clean	excluded	excluded	excluded	test_or_test_support	.py	11978
program_code/exchange_connectors/bybit_connector/control_api_v1/tests/test_h_chain_integration.py	yes	clean	excluded	excluded	excluded	test_or_test_support	.py	8505
program_code/exchange_connectors/bybit_connector/control_api_v1/tests/test_h_state_invalidator.py	yes	clean	excluded	excluded	excluded	test_or_test_support	.py	15586
program_code/exchange_connectors/bybit_connector/control_api_v1/tests/test_h_state_query_handler.py	yes	clean	excluded	excluded	excluded	test_or_test_support	.py	108791
program_code/exchange_connectors/bybit_connector/control_api_v1/tests/test_incident_event_model.py	yes	clean	excluded	excluded	excluded	test_or_test_support	.py	22944
program_code/exchange_connectors/bybit_connector/control_api_v1/tests/test_integration_phase10.py	yes	clean	excluded	excluded	excluded	test_or_test_support	.py	17315
program_code/exchange_connectors/bybit_connector/control_api_v1/tests/test_integration_phase2.py	yes	clean	excluded	excluded	excluded	test_or_test_support	.py	16530
program_code/exchange_connectors/bybit_connector/control_api_v1/tests/test_ipc_client_hmac_ts_unit.py	yes	clean	excluded	excluded	excluded	test_or_test_support	.py	15547
program_code/exchange_connectors/bybit_connector/control_api_v1/tests/test_ipc_client_update_risk_config_unit.py	yes	clean	excluded	excluded	excluded	test_or_test_support	.py	9830
program_code/exchange_connectors/bybit_connector/control_api_v1/tests/test_ipc_integration.py	yes	clean	excluded	excluded	excluded	test_or_test_support	.py	37349
program_code/exchange_connectors/bybit_connector/control_api_v1/tests/test_ipc_state_reader.py	yes	clean	excluded	excluded	excluded	test_or_test_support	.py	19143
program_code/exchange_connectors/bybit_connector/control_api_v1/tests/test_layer2.py	yes	clean	excluded	excluded	excluded	test_or_test_support	.py	52099
program_code/exchange_connectors/bybit_connector/control_api_v1/tests/test_layer2_escalation.py	yes	clean	excluded	excluded	excluded	test_or_test_support	.py	17935
program_code/exchange_connectors/bybit_connector/control_api_v1/tests/test_layer2_tools.py	yes	clean	excluded	excluded	excluded	test_or_test_support	.py	26274
program_code/exchange_connectors/bybit_connector/control_api_v1/tests/test_learning_chapter.py	yes	clean	excluded	excluded	excluded	test_or_test_support	.py	43409
program_code/exchange_connectors/bybit_connector/control_api_v1/tests/test_learning_tier_gate.py	yes	clean	excluded	excluded	excluded	test_or_test_support	.py	34455
program_code/exchange_connectors/bybit_connector/control_api_v1/tests/test_lease_ttl_config.py	yes	clean	excluded	excluded	excluded	test_or_test_support	.py	24261
program_code/exchange_connectors/bybit_connector/control_api_v1/tests/test_live_auth_recheck_trigger.py	yes	clean	excluded	excluded	excluded	test_or_test_support	.py	19046
program_code/exchange_connectors/bybit_connector/control_api_v1/tests/test_live_authorization_signing.py	yes	clean	excluded	excluded	excluded	test_or_test_support	.py	7867
program_code/exchange_connectors/bybit_connector/control_api_v1/tests/test_live_gate_fallback.py	yes	clean	excluded	excluded	excluded	test_or_test_support	.py	12215
program_code/exchange_connectors/bybit_connector/control_api_v1/tests/test_live_session_endpoint_actual_engine_kind.py	yes	clean	excluded	excluded	excluded	test_or_test_support	.py	16579
program_code/exchange_connectors/bybit_connector/control_api_v1/tests/test_local_llm_factory.py	yes	clean	excluded	excluded	excluded	test_or_test_support	.py	10058
program_code/exchange_connectors/bybit_connector/control_api_v1/tests/test_market_regime.py	yes	clean	excluded	excluded	excluded	test_or_test_support	.py	35162
program_code/exchange_connectors/bybit_connector/control_api_v1/tests/test_message_bus_load.py	yes	clean	excluded	excluded	excluded	test_or_test_support	.py	22138
program_code/exchange_connectors/bybit_connector/control_api_v1/tests/test_model_router.py	yes	clean	excluded	excluded	excluded	test_or_test_support	.py	12564
program_code/exchange_connectors/bybit_connector/control_api_v1/tests/test_multi_agent_framework.py	yes	clean	excluded	excluded	excluded	test_or_test_support	.py	32130
program_code/exchange_connectors/bybit_connector/control_api_v1/tests/test_ollama_integration.py	yes	clean	excluded	excluded	excluded	test_or_test_support	.py	32664
program_code/exchange_connectors/bybit_connector/control_api_v1/tests/test_owner_strategy_enrichment.py	yes	clean	excluded	excluded	excluded	test_or_test_support	.py	19908
program_code/exchange_connectors/bybit_connector/control_api_v1/tests/test_p1_audit_smoke.py	yes	clean	excluded	excluded	excluded	test_or_test_support	.py	6393
program_code/exchange_connectors/bybit_connector/control_api_v1/tests/test_p3_low_coverage.py	yes	clean	excluded	excluded	excluded	test_or_test_support	.py	23321
program_code/exchange_connectors/bybit_connector/control_api_v1/tests/test_paper_live_gate.py	yes	clean	excluded	excluded	excluded	test_or_test_support	.py	38527
program_code/exchange_connectors/bybit_connector/control_api_v1/tests/test_paper_metrics.py	yes	clean	excluded	excluded	excluded	test_or_test_support	.py	14079
program_code/exchange_connectors/bybit_connector/control_api_v1/tests/test_perception_data_plane.py	yes	clean	excluded	excluded	excluded	test_or_test_support	.py	23666
program_code/exchange_connectors/bybit_connector/control_api_v1/tests/test_phase2_routes.py	yes	clean	excluded	excluded	excluded	test_or_test_support	.py	14402
program_code/exchange_connectors/bybit_connector/control_api_v1/tests/test_phase2_strategy_routes_coverage.py	yes	clean	excluded	excluded	excluded	test_or_test_support	.py	20481
program_code/exchange_connectors/bybit_connector/control_api_v1/tests/test_phase4_routes.py	yes	clean	excluded	excluded	excluded	test_or_test_support	.py	14977
program_code/exchange_connectors/bybit_connector/control_api_v1/tests/test_portfolio_risk_control.py	yes	clean	excluded	excluded	excluded	test_or_test_support	.py	21587
program_code/exchange_connectors/bybit_connector/control_api_v1/tests/test_product_family_business_settings.py	yes	clean	excluded	excluded	excluded	test_or_test_support	.py	25204
program_code/exchange_connectors/bybit_connector/control_api_v1/tests/test_promotion_pipeline.py	yes	clean	excluded	excluded	excluded	test_or_test_support	.py	22446
program_code/exchange_connectors/bybit_connector/control_api_v1/tests/test_reconciliation_engine.py	yes	clean	excluded	excluded	excluded	test_or_test_support	.py	39243
program_code/exchange_connectors/bybit_connector/control_api_v1/tests/test_recovery_approval_gate.py	yes	clean	excluded	excluded	excluded	test_or_test_support	.py	43742
program_code/exchange_connectors/bybit_connector/control_api_v1/tests/test_reset_drawdown_route.py	yes	clean	excluded	excluded	excluded	test_or_test_support	.py	11006
program_code/exchange_connectors/bybit_connector/control_api_v1/tests/test_risk_governor_state_machine.py	yes	clean	excluded	excluded	excluded	test_or_test_support	.py	30101
program_code/exchange_connectors/bybit_connector/control_api_v1/tests/test_risk_view_client.py	yes	clean	excluded	excluded	excluded	test_or_test_support	.py	13035
program_code/exchange_connectors/bybit_connector/control_api_v1/tests/test_runtime_snapshot_bridge.py	yes	clean	excluded	excluded	excluded	test_or_test_support	.py	7261
program_code/exchange_connectors/bybit_connector/control_api_v1/tests/test_runtime_snapshot_directory_provider.py	yes	clean	excluded	excluded	excluded	test_or_test_support	.py	5548
program_code/exchange_connectors/bybit_connector/control_api_v1/tests/test_runtime_snapshot_generation.py	yes	clean	excluded	excluded	excluded	test_or_test_support	.py	5147
program_code/exchange_connectors/bybit_connector/control_api_v1/tests/test_scanner_opportunities_ipc.py	yes	clean	excluded	excluded	excluded	test_or_test_support	.py	9447
program_code/exchange_connectors/bybit_connector/control_api_v1/tests/test_scanner_rate_limiter.py	yes	clean	excluded	excluded	excluded	test_or_test_support	.py	26655
program_code/exchange_connectors/bybit_connector/control_api_v1/tests/test_scout_audit_wiring.py	yes	clean	excluded	excluded	excluded	test_or_test_support	.py	14678
program_code/exchange_connectors/bybit_connector/control_api_v1/tests/test_scout_integration.py	yes	clean	excluded	excluded	excluded	test_or_test_support	.py	34805
program_code/exchange_connectors/bybit_connector/control_api_v1/tests/test_scout_worker.py	yes	clean	excluded	excluded	excluded	test_or_test_support	.py	9499
program_code/exchange_connectors/bybit_connector/control_api_v1/tests/test_shadow_fills_routes.py	yes	clean	excluded	excluded	excluded	test_or_test_support	.py	10563
program_code/exchange_connectors/bybit_connector/control_api_v1/tests/test_snapshot_stable_entrypoint.py	yes	clean	excluded	excluded	excluded	test_or_test_support	.py	4384
program_code/exchange_connectors/bybit_connector/control_api_v1/tests/test_startup_integrity.py	yes	clean	excluded	excluded	excluded	test_or_test_support	.py	7298
program_code/exchange_connectors/bybit_connector/control_api_v1/tests/test_stop_price_precision.py	yes	clean	excluded	excluded	excluded	test_or_test_support	.py	5017
program_code/exchange_connectors/bybit_connector/control_api_v1/tests/test_strategist_agent.py	yes	clean	excluded	excluded	excluded	test_or_test_support	.py	71509
program_code/exchange_connectors/bybit_connector/control_api_v1/tests/test_strategist_audit_wiring.py	yes	clean	excluded	excluded	excluded	test_or_test_support	.py	7948
program_code/exchange_connectors/bybit_connector/control_api_v1/tests/test_strategist_cognitive_integration.py	yes	clean	excluded	excluded	excluded	test_or_test_support	.py	34177
program_code/exchange_connectors/bybit_connector/control_api_v1/tests/test_strategist_cognitive_w1_fix.py	yes	clean	excluded	excluded	excluded	test_or_test_support	.py	11227
program_code/exchange_connectors/bybit_connector/control_api_v1/tests/test_strategist_history_routes.py	yes	clean	excluded	excluded	excluded	test_or_test_support	.py	21176
program_code/exchange_connectors/bybit_connector/control_api_v1/tests/test_strategist_promote_api.py	yes	clean	excluded	excluded	excluded	test_or_test_support	.py	32488
program_code/exchange_connectors/bybit_connector/control_api_v1/tests/test_strategist_stress.py	yes	clean	excluded	excluded	excluded	test_or_test_support	.py	10292
program_code/exchange_connectors/bybit_connector/control_api_v1/tests/test_symbol_category_registry.py	yes	clean	excluded	excluded	excluded	test_or_test_support	.py	9800
program_code/exchange_connectors/bybit_connector/control_api_v1/tests/test_trade_attribution.py	yes	clean	excluded	excluded	excluded	test_or_test_support	.py	47607
program_code/exchange_connectors/bybit_connector/control_api_v1/tests/test_truth_source_registry.py	yes	clean	excluded	excluded	excluded	test_or_test_support	.py	44213
program_code/exchange_connectors/bybit_connector/control_api_v1/tests/test_ttl_enforcer.py	yes	clean	excluded	excluded	excluded	test_or_test_support	.py	43577
program_code/local_model_tools/tests/__init__.py	yes	clean	excluded	excluded	excluded	test_or_test_support	.py	33
program_code/local_model_tools/tests/conftest.py	yes	clean	excluded	excluded	excluded	test_or_test_support	.py	1316
program_code/local_model_tools/tests/test_stub_contracts.py	yes	clean	excluded	excluded	excluded	test_or_test_support	.py	22917
program_code/ml_training/tests/__init__.py	yes	clean	excluded	excluded	excluded	test_or_test_support	.py	0
program_code/ml_training/tests/test_calibration_cqr.py	yes	clean	excluded	excluded	excluded	test_or_test_support	.py	4405
program_code/ml_training/tests/test_canary_promoter.py	yes	clean	excluded	excluded	excluded	test_or_test_support	.py	10466
program_code/ml_training/tests/test_cpcv.py	yes	clean	excluded	excluded	excluded	test_or_test_support	.py	8210
program_code/ml_training/tests/test_dl3_ab_runner.py	yes	clean	excluded	excluded	excluded	test_or_test_support	.py	9785
program_code/ml_training/tests/test_dl3_foundation.py	yes	clean	excluded	excluded	excluded	test_or_test_support	.py	6756
program_code/ml_training/tests/test_dl3_go_no_go.py	yes	clean	excluded	excluded	excluded	test_or_test_support	.py	8540
program_code/ml_training/tests/test_edge_label_backfill.py	yes	clean	excluded	excluded	excluded	test_or_test_support	.py	9831
program_code/ml_training/tests/test_integration.py	yes	clean	excluded	excluded	excluded	test_or_test_support	.py	15330
program_code/ml_training/tests/test_james_stein_proxy_cells.py	yes	clean	excluded	excluded	excluded	test_or_test_support	.py	8998
program_code/ml_training/tests/test_label_generator.py	yes	clean	excluded	excluded	excluded	test_or_test_support	.py	1826
program_code/ml_training/tests/test_leakage_check.py	yes	clean	excluded	excluded	excluded	test_or_test_support	.py	1142
program_code/ml_training/tests/test_linucb_arm_migration.py	yes	clean	excluded	excluded	excluded	test_or_test_support	.py	10431
program_code/ml_training/tests/test_linucb_shadow_compare.py	yes	clean	excluded	excluded	excluded	test_or_test_support	.py	2005
program_code/ml_training/tests/test_linucb_trainer.py	yes	clean	excluded	excluded	excluded	test_or_test_support	.py	8360
program_code/ml_training/tests/test_model_registry.py	yes	clean	excluded	excluded	excluded	test_or_test_support	.py	18160
program_code/ml_training/tests/test_model_registry_pg_integration.py	yes	clean	excluded	excluded	excluded	test_or_test_support	.py	20947
program_code/ml_training/tests/test_onnx_exporter_quantile.py	yes	clean	excluded	excluded	excluded	test_or_test_support	.py	10612
program_code/ml_training/tests/test_optuna.py	yes	clean	excluded	excluded	excluded	test_or_test_support	.py	16600
program_code/ml_training/tests/test_parquet_etl.py	yes	clean	excluded	excluded	excluded	test_or_test_support	.py	13419
program_code/ml_training/tests/test_pooled_training.py	yes	clean	excluded	excluded	excluded	test_or_test_support	.py	7867
program_code/ml_training/tests/test_quantile_reports.py	yes	clean	excluded	excluded	excluded	test_or_test_support	.py	9248
program_code/ml_training/tests/test_quantile_trainer.py	yes	clean	excluded	excluded	excluded	test_or_test_support	.py	11824
program_code/ml_training/tests/test_realized_edge_stats_mode.py	yes	clean	excluded	excluded	excluded	test_or_test_support	.py	6516
program_code/ml_training/tests/test_run_training_pipeline.py	yes	clean	excluded	excluded	excluded	test_or_test_support	.py	2006
program_code/ml_training/tests/test_thompson.py	yes	clean	excluded	excluded	excluded	test_or_test_support	.py	10082
program_code/ml_training/tests/test_unattributed_filter.py	yes	clean	excluded	excluded	excluded	test_or_test_support	.py	12855
program_code/ml_training/tests/test_weekly_report_generator.py	yes	clean	excluded	excluded	excluded	test_or_test_support	.py	8065
program_code/ml_training/tests/test_winsorize.py	yes	clean	excluded	excluded	excluded	test_or_test_support	.py	15481
rust/openclaw_core/tests/golden_dataset.rs	yes	clean	excluded	excluded	excluded	test_or_test_support	.rs	27761
rust/openclaw_core/tests/golden_extreme.rs	yes	clean	excluded	excluded	excluded	test_or_test_support	.rs	12830
rust/openclaw_engine/src/event_consumer/tests/cross_engine_tests.rs	yes	clean	excluded	excluded	excluded	test_or_test_support	.rs	4366
rust/openclaw_engine/src/event_consumer/tests/exit_config_ipc_tests.rs	yes	clean	excluded	excluded	excluded	test_or_test_support	.rs	17798
rust/openclaw_engine/src/event_consumer/tests/governor_override_tests.rs	yes	clean	excluded	excluded	excluded	test_or_test_support	.rs	7082
rust/openclaw_engine/src/event_consumer/tests/handlers_paper_cmd_tests.rs	yes	clean	excluded	excluded	excluded	test_or_test_support	.rs	14876
rust/openclaw_engine/src/event_consumer/tests/mod.rs	yes	clean	excluded	excluded	excluded	test_or_test_support	.rs	11472
rust/openclaw_engine/src/event_consumer/tests/pending_registration_order_type_tests.rs	yes	clean	excluded	excluded	excluded	test_or_test_support	.rs	10349
rust/openclaw_engine/src/event_consumer/tests/reconciler_tests.rs	yes	clean	excluded	excluded	excluded	test_or_test_support	.rs	3821
rust/openclaw_engine/src/event_consumer/tests/submit_order_tests.rs	yes	clean	excluded	excluded	excluded	test_or_test_support	.rs	3064
rust/openclaw_engine/src/event_consumer/tests/unattributed_fill_tests.rs	yes	clean	excluded	excluded	excluded	test_or_test_support	.rs	16841
rust/openclaw_engine/src/ipc_server/tests/budget.rs	yes	clean	excluded	excluded	excluded	test_or_test_support	.rs	12657
rust/openclaw_engine/src/ipc_server/tests/config.rs	yes	clean	excluded	excluded	excluded	test_or_test_support	.rs	24097
rust/openclaw_engine/src/ipc_server/tests/dispatch.rs	yes	clean	excluded	excluded	excluded	test_or_test_support	.rs	7038
rust/openclaw_engine/src/ipc_server/tests/mod.rs	yes	clean	excluded	excluded	excluded	test_or_test_support	.rs	7313
rust/openclaw_engine/src/ipc_server/tests/phase4.rs	yes	clean	excluded	excluded	excluded	test_or_test_support	.rs	3579
rust/openclaw_engine/src/ipc_server/tests/risk.rs	yes	clean	excluded	excluded	excluded	test_or_test_support	.rs	10193
rust/openclaw_engine/src/ipc_server/tests/risk_update.rs	yes	clean	excluded	excluded	excluded	test_or_test_support	.rs	6818
rust/openclaw_engine/src/ipc_server/tests/scanner.rs	yes	clean	excluded	excluded	excluded	test_or_test_support	.rs	2507
rust/openclaw_engine/src/ipc_server/tests/snapshot.rs	yes	clean	excluded	excluded	excluded	test_or_test_support	.rs	3646
rust/openclaw_engine/src/ipc_server/tests/strategy.rs	yes	clean	excluded	excluded	excluded	test_or_test_support	.rs	7550
rust/openclaw_engine/src/ipc_server/tests/teacher.rs	yes	clean	excluded	excluded	excluded	test_or_test_support	.rs	3787
rust/openclaw_engine/src/tick_pipeline/tests/dual_rail_dispatch.rs	yes	clean	excluded	excluded	excluded	test_or_test_support	.rs	18846
rust/openclaw_engine/src/tick_pipeline/tests/emit_close_fill.rs	yes	clean	excluded	excluded	excluded	test_or_test_support	.rs	21122
rust/openclaw_engine/src/tick_pipeline/tests/engine_event_snapshot.rs	yes	clean	excluded	excluded	excluded	test_or_test_support	.rs	7288
rust/openclaw_engine/src/tick_pipeline/tests/exit_features.rs	yes	clean	excluded	excluded	excluded	test_or_test_support	.rs	31160
rust/openclaw_engine/src/tick_pipeline/tests/fanout_canary.rs	yes	clean	excluded	excluded	excluded	test_or_test_support	.rs	3771
rust/openclaw_engine/src/tick_pipeline/tests/fast_track_reduce.rs	yes	clean	excluded	excluded	excluded	test_or_test_support	.rs	18242
rust/openclaw_engine/src/tick_pipeline/tests/maker_kpi_hot_reload.rs	yes	clean	excluded	excluded	excluded	test_or_test_support	.rs	29377
rust/openclaw_engine/src/tick_pipeline/tests/mod.rs	yes	clean	excluded	excluded	excluded	test_or_test_support	.rs	2062
rust/openclaw_engine/src/tick_pipeline/tests/per_symbol_price_pnl.rs	yes	clean	excluded	excluded	excluded	test_or_test_support	.rs	11064
rust/openclaw_engine/src/tick_pipeline/tests/pipeline_kind_governance.rs	yes	clean	excluded	excluded	excluded	test_or_test_support	.rs	7178
rust/openclaw_engine/src/tick_pipeline/tests/risk_governance_hot_reload.rs	yes	clean	excluded	excluded	excluded	test_or_test_support	.rs	13985
rust/openclaw_engine/src/tick_pipeline/tests/signal_throttle.rs	yes	clean	excluded	excluded	excluded	test_or_test_support	.rs	9134
rust/openclaw_engine/tests/edge_predictor_ort_backend.rs	yes	clean	excluded	excluded	excluded	test_or_test_support	.rs	8501
rust/openclaw_engine/tests/fixtures/edge_predictor/edge_predictor_demo_fixture_strategy_q10_v1_2026-04-15.onnx	yes	clean	excluded	excluded	excluded	test_or_test_support	.onnx	4956
rust/openclaw_engine/tests/fixtures/edge_predictor/edge_predictor_demo_fixture_strategy_q10_v1_current.onnx	yes	clean	excluded	excluded	excluded	test_or_test_support	.onnx	4956
rust/openclaw_engine/tests/fixtures/edge_predictor/edge_predictor_demo_fixture_strategy_q50_v1_2026-04-15.onnx	yes	clean	excluded	excluded	excluded	test_or_test_support	.onnx	4956
rust/openclaw_engine/tests/fixtures/edge_predictor/edge_predictor_demo_fixture_strategy_q50_v1_current.onnx	yes	clean	excluded	excluded	excluded	test_or_test_support	.onnx	4956
rust/openclaw_engine/tests/fixtures/edge_predictor/edge_predictor_demo_fixture_strategy_q90_v1_2026-04-15.onnx	yes	clean	excluded	excluded	excluded	test_or_test_support	.onnx	4956
rust/openclaw_engine/tests/fixtures/edge_predictor/edge_predictor_demo_fixture_strategy_q90_v1_current.onnx	yes	clean	excluded	excluded	excluded	test_or_test_support	.onnx	4956
rust/openclaw_engine/tests/fixtures/edge_predictor/gen_fixtures.py	yes	clean	excluded	excluded	excluded	test_or_test_support	.py	3373
rust/openclaw_engine/tests/g1_06_live_balance_sync_integration.rs	yes	clean	excluded	excluded	excluded	test_or_test_support	.rs	17842
rust/openclaw_engine/tests/micro_profit_fix_integration.rs	yes	clean	excluded	excluded	excluded	test_or_test_support	.rs	17051
rust/openclaw_engine/tests/migrations_test.rs	yes	clean	excluded	excluded	excluded	test_or_test_support	.rs	13522
rust/openclaw_engine/tests/phase4_integration.rs	yes	clean	excluded	excluded	excluded	test_or_test_support	.rs	18055
rust/openclaw_engine/tests/reconciler_e2e.rs	yes	clean	excluded	excluded	excluded	test_or_test_support	.rs	46881
rust/openclaw_engine/tests/rrc1_audit_tests.rs	yes	clean	excluded	excluded	excluded	test_or_test_support	.rs	4615
rust/openclaw_engine/tests/stress_integration.rs	yes	clean	excluded	excluded	excluded	test_or_test_support	.rs	49740
rust/openclaw_engine/tests/test_cost_edge_advisor_daemon_dual_safeguard.rs	yes	clean	excluded	excluded	excluded	test_or_test_support	.rs	17128
rust/openclaw_engine/tests/test_cost_edge_advisor_daemon_proofs.rs	yes	clean	excluded	excluded	excluded	test_or_test_support	.rs	23195
rust/openclaw_engine/tests/test_cost_edge_advisor_persistence.rs	yes	clean	excluded	excluded	excluded	test_or_test_support	.rs	12758
rust/openclaw_engine/tests/test_cost_edge_advisor_spawn_decision.rs	yes	clean	excluded	excluded	excluded	test_or_test_support	.rs	22273
scripts/setup_test_db.sh	yes	clean	excluded	excluded	excluded	test_or_test_support	.sh	1855
sql/migrations/tests/test_schema_guards.sql	yes	clean	excluded	excluded	excluded	test_or_test_support	.sql	21438
sql/migrations/tests/test_v026_guards.sql	yes	clean	excluded	excluded	excluded	test_or_test_support	.sql	11802
venvs/README.md	yes	clean	excluded	excluded	excluded	generated_or_build_artifact	.md	101
